Bahan,Lanmadaw,Yankin,South_Oakklar,Hlaing,Sanchoung,Condo_name,Total_Area_squft,Bedrooms,Bathrooms,Swimming_Pool,Security,Gym,Has_Elevator,Has_Parking,View_type,Price_USD,log_price
1,0,0,0,0,0,5 floor Pagoda st mini Condo,1500.0,3,2,0.0,1.0,0.0,1,1,City View,100000.0,11.51293546492023
1,0,0,0,0,0,Aung Chan Thar Eain Yar Condo,1375.0,3,2,0.0,0.0,0.0,1,1,City View,91111.11,11.419846005258753
1,0,0,0,0,0,Aye Yiek Thar Condo,1566.0,3,2,0.0,0.0,0.0,0,0,City View,132222.22,11.792246833941508
1,0,0,0,0,0,Aye Yiek That (1) st mini Condo,1120.0,2,2,0.0,1.0,0.0,1,0,City View,71111.11,11.172012924775979
1,0,0,0,0,0,Aye Yiek That st mini Condo,1570.0,2,1,0.0,0.0,0.0,1,0,City View,80000.0,11.289794413577894
1,0,0,0,0,0,Bahan Residence,1200.0,2,2,0.0,1.0,0.0,1,1,City View,108888.89,11.598092467145824
1,0,0,0,0,0,Delta Plaza Condo,2000.0,3,1,0.0,0.0,0.0,1,0,City View,133333.33,11.800615012394072
1,0,0,0,0,0,Delta Plaza Condo,1650.0,3,3,0.0,0.0,0.0,0,0,City View,88888.89,11.395153691750423
1,0,0,0,0,0,Delta Plaza Condo,1769.0,6,3,0.0,1.0,0.0,1,1,City View,155555.56,11.954764674371278
1,0,0,0,0,0,Delta Plaza mini Condo,1800.0,3,2,0.0,1.0,0.0,0,1,City View,88888.89,11.395153691750423
1,0,0,0,0,0,Diamond Hill Residence,2100.0,4,4,1.0,1.0,1.0,1,1,City View,377777.78,12.842064065187827
1,0,0,0,0,0,Diamond Hill Residence,1200.0,3,2,0.0,1.0,0.0,1,1,City View,128888.89,11.766713752957543
1,0,0,0,0,0,East Shwe Da Gone Pike Lone Condo,972.0,2,1,0.0,0.0,0.0,1,1,City View,100000.0,11.51293546492023
1,0,0,0,0,0,Father Land mini Condo,1750.0,2,2,0.0,1.0,0.0,1,1,City View,77777.78,11.261623922320588
1,0,0,0,0,0,Gant Gaw Condo,1500.0,3,2,0.0,1.0,0.0,1,1,City View,102000.0,11.532737896139919
1,0,0,0,0,0,Golden Link Condo,2200.0,4,3,1.0,1.0,1.0,1,1,City View,311111.11,12.647908608518344
1,0,0,0,0,0,Golden Link Condo,2326.0,4,2,1.0,1.0,1.0,1,1,City View,522222.22,13.16585039998054
1,0,0,0,0,0,Golden Link Condo,2400.0,4,3,1.0,1.0,1.0,1,1,City View,322222.22,12.682999814167413
1,0,0,0,0,0,Golden Link Condo,2045.0,4,3,1.0,1.0,1.0,1,1,City View,222222.22,12.31143765117792
1,0,0,0,0,0,Golden Link Condo,1913.0,5,3,1.0,1.0,1.0,1,1,City View,222222.22,12.31143765117792
1,0,0,0,0,0,Golden Link Condo (L5 C7),4300.0,2,1,1.0,1.0,1.0,1,1,City View,355555.56,12.781439615429745
1,0,0,0,0,0,Golden Royal Sayar San Condo,2006.0,3,1,0.0,0.0,0.0,0,0,City View,266666.67,12.493758480474876
1,0,0,0,0,0,Golden valley Condo,2326.0,4,2,0.0,0.0,0.0,0,0,City View,566666.67,13.247528290945002
1,0,0,0,0,0,Golden valley Condo,1200.0,2,1,1.0,1.0,1.0,1,1,City View,400000.0,12.899222326086994
1,0,0,0,0,0,Golden valley Condo,1600.0,3,3,0.0,0.0,0.0,0,0,City View,288888.89,12.573800891034102
1,0,0,0,0,0,Golden valley Condo,1700.0,3,3,0.0,0.0,0.0,0,0,City View,300000.0,12.611541086966115
1,0,0,0,0,0,Golden valley Condo,1126.0,2,1,1.0,1.0,1.0,1,1,City View,375333.33,12.835572454427544
1,0,0,0,0,0,Grand Saya San Condo,1680.0,3,2,1.0,1.0,1.0,1,1,City View,204444.44,12.228056421802311
1,0,0,0,0,0,Grand Saya San Condo,2000.0,3,3,1.0,1.0,1.0,1,1,City View,204444.44,12.228056421802311
1,0,0,0,0,0,Grand Sayar San,1684.0,3,2,1.0,1.0,1.0,1,1,City View,175555.56,12.075716549169549
1,0,0,0,0,0,Grand Sayarsan Condo,2000.0,3,2,1.0,1.0,1.0,0,1,City View,204444.44,12.228056421802311
1,0,0,0,0,0,Grand Sayarsan Condo,1680.0,2,1,1.0,1.0,1.0,1,1,City View,204444.44,12.228056421802311
1,0,0,0,0,0,Grand Shwe Taung Kyar Condo,895.0,3,2,1.0,0.0,1.0,1,1,City View,217777.78,12.291235055900708
1,0,0,0,0,0,Grand Shwe Taung Kyar Condo,986.0,2,1,1.0,0.0,1.0,0,1,City View,217777.78,12.291235055900708
1,0,0,0,0,0,Grannd Sayar San Condo,1585.0,3,2,1.0,0.0,1.0,1,1,City View,188888.89,12.14891953167618
1,0,0,0,0,0,Infinity Condo,1670.0,2,2,1.0,1.0,1.0,1,1,Inya View,277777.78,12.534580320495701
1,0,0,0,0,0,Infinity Condo,1317.0,2,2,1.0,1.0,1.0,1,1,City View,211111.11,12.260144598368203
1,0,0,0,0,0,Infinity Condo,1317.0,2,2,1.0,1.0,1.0,1,1,City View,248755.56,12.424230026532404
1,0,0,0,0,0,Infinity Condo,1638.0,3,2,1.0,1.0,1.0,1,1,City View,309400.0,12.642393449177936
1,0,0,0,0,0,Infinity Condo,2478.0,4,4,1.0,1.0,1.0,1,1,Inya View,555555.56,13.227725701060521
1,0,0,0,0,0,Infinity Condo,1633.0,3,4,1.0,1.0,1.0,1,1,Shwe da gon View,355555.56,12.781439615429745
1,0,0,0,0,0,Infinity Condo,1754.0,3,3,1.0,1.0,1.0,1,1,City View,389777.78,12.873334626400364
1,0,0,0,0,0,Infinity Condo,800.0,1,1,0.0,0.0,0.0,1,1,City View,71111.11,11.172012924775979
1,0,0,0,0,0,Infinity Condo,1100.0,2,1,0.0,0.0,0.0,1,1,City View,93333.33,11.44394327199769
1,0,0,0,0,0,Infinity Condo,1780.0,3,1,0.0,0.0,0.0,0,0,City View,144444.44,11.880657137379487
1,0,0,0,0,0,Infinity Condo,1860.0,3,1,0.0,0.0,0.0,0,0,City View,176666.67,12.082025676089351
1,0,0,0,0,0,Infinity Condo,1750.0,3,1,0.0,0.0,0.0,0,0,City View,155555.56,11.954764674371278
1,0,0,0,0,0,Infinity Condo,1356.0,2,2,1.0,1.0,1.0,1,1,Shwe da gone View,240888.89,12.392095220100877
1,0,0,0,0,0,Infinity Condo,1356.0,2,1,0.0,0.0,0.0,0,0,Inya View,177777.78,12.0882952473579
1,0,0,0,0,0,Infinity Condo,1350.0,2,2,0.0,0.0,0.0,0,0,Shwe da gone View,270000.0,12.506180941677357
1,0,0,0,0,0,Infinity Condo,2700.0,3,3,1.0,1.0,1.0,0,1,City View,600000.0,13.304686600863562
1,0,0,0,0,0,Infinity Condo,1356.0,2,2,1.0,1.0,1.0,1,1,City View,166666.67,12.0237571087181
1,0,0,0,0,0,Infinity Condo,1307.0,2,2,1.0,1.0,1.0,1,1,City View,300000.0,12.611541086966115
1,0,0,0,0,0,Infinity Condo,1950.0,2,2,1.0,1.0,1.0,1,1,City View,122222.22,11.71360432403542
1,0,0,0,0,0,Infinity Condo,1683.0,3,3,1.0,1.0,1.0,1,1,City View,377777.78,12.842064065187827
1,0,0,0,0,0,Infinity Condo,1370.0,2,2,0.0,0.0,0.0,0,0,City View,300000.0,12.611541086966115
1,0,0,0,0,0,Infinity Condo,1638.0,3,3,1.0,1.0,1.0,1,1,City View,377777.78,12.842064065187827
1,0,0,0,0,0,Infinity Condo,1679.0,2,2,0.0,0.0,0.0,0,0,City View,400000.0,12.899222326086994
1,0,0,0,0,0,Infinity Condo,1650.0,3,3,0.0,0.0,0.0,1,1,Shwe da gon View,333333.33,12.716901259291694
1,0,0,0,0,0,Infinity Condo,1700.0,3,2,1.0,0.0,1.0,1,1,City View,377777.78,12.842064065187827
1,0,0,0,0,0,Infinity Condo,965.0,2,1,1.0,0.0,1.0,1,1,City View,244444.44,12.406747413711305
1,0,0,0,0,0,Infinity Condo,1370.0,3,1,0.0,0.0,0.0,0,0,City View,233333.33,12.36022759677688
1,0,0,0,0,0,Infinity Condo,1307.0,2,1,0.0,0.0,0.0,0,0,City View,188777.78,12.148331132309055
1,0,0,0,0,0,Infinity Condo (2BR),1358.0,2,2,0.0,0.0,0.0,1,1,City View,241422.22,12.394306771917806
1,0,0,0,0,0,Infinity Luxury Condo,1683.0,3,3,1.0,1.0,1.0,1,1,City View,377777.78,12.842064065187827
1,0,0,0,0,0,Inya Myaing Residence,2000.0,3,2,0.0,0.0,0.0,0,0,City View,277777.78,12.534580320495701
1,0,0,0,0,0,Inya Myaing Residence,2120.0,3,3,0.0,1.0,0.0,1,1,Shwe da gon View,222222.22,12.31143765117792
1,0,0,0,0,0,Inya Myaing Residence,2025.0,3,3,0.0,1.0,0.0,1,1,City View,266666.67,12.493758480474876
1,0,0,0,0,0,Inya Myaing Residence,2100.0,2,1,0.0,0.0,0.0,0,0,City View,333333.33,12.716901259291694
1,0,0,0,0,0,Inya Myaing Residence,2200.0,3,4,0.0,0.0,0.0,0,0,City View,288888.89,12.573800891034102
1,0,0,0,0,0,Inya Myaing Residence Condo,2100.0,3,2,0.0,0.0,0.0,0,0,City View,266666.67,12.493758480474876
1,0,0,0,0,0,Inya Myaing Suit Residence,1150.0,2,2,1.0,1.0,1.0,1,0,City View,383333.33,12.856662811667944
1,0,0,0,0,0,Inya Myaing Suite,1150.0,3,3,1.0,0.0,1.0,1,1,City View,383333.33,12.856662811667944
1,0,0,0,0,0,Inya Myaing Suites Residence,1200.0,2,2,1.0,0.0,1.0,0,0,City View,400000.0,12.899222326086994
1,0,0,0,0,0,Inya Myaing Suites Residence,2100.0,3,3,0.0,1.0,0.0,1,1,City View,288888.89,12.573800891034102
1,0,0,0,0,0,JL Residence,1870.0,3,2,0.0,0.0,0.0,0,0,City View,391111.11,12.876749524212071
1,0,0,0,0,0,Kan daw Gyi Condo,1500.0,3,2,0.0,1.0,0.0,1,1,City View,115555.56,11.65751538605125
1,0,0,0,0,0,KohKai Residence Condo,700.0,1,1,0.0,0.0,0.0,0,0,City View,111111.11,11.618294970587645
1,0,0,0,0,0,Kyo Point Mini Condo,1500.0,3,1,0.0,0.0,0.0,1,0,City View,88888.89,11.395153691750423
1,0,0,0,0,0,Moe Myint San Condo,1800.0,5,4,0.0,0.0,0.0,1,0,City View,222222.22,12.31143765117792
1,0,0,0,0,0,Mona Lisa Residence,1600.0,3,3,0.0,1.0,0.0,1,1,City View,195555.56,12.183604926028561
1,0,0,0,0,0,My residence Condo,1600.0,3,3,1.0,1.0,1.0,1,1,City View,288888.89,12.573800891034102
1,0,0,0,0,0,My residence Condo,1600.0,3,2,0.0,0.0,0.0,0,0,City View,288888.89,12.573800891034102
1,0,0,0,0,0,My residence Condo,1500.0,3,3,0.0,1.0,0.0,1,1,City View,300000.0,12.611541086966115
1,0,0,0,0,0,My residence Condo,1500.0,3,3,0.0,0.0,1.0,1,1,City View,311111.11,12.647908608518344
1,0,0,0,0,0,My residence Condo,1700.0,3,1,0.0,0.0,0.0,0,0,City View,266666.67,12.493758480474876
1,0,0,0,0,0,Near Kan Taw Gyi,1500.0,3,2,0.0,1.0,0.0,1,1,City View,11555.56,9.355008520086622
1,0,0,0,0,0,Near Merry Browm mini Condo,1350.0,3,2,0.0,1.0,0.0,1,1,City View,58888.89,10.983424708047586
1,0,0,0,0,0,Near SDG mini Condo,972.0,1,1,0.0,0.0,0.0,0,0,City View,73333.33,11.202784127483124
1,0,0,0,0,0,Near SSC mini Condo,1300.0,3,2,0.0,0.0,0.0,0,0,City View,64444.44,11.07357425334292
1,0,0,0,0,0,New Thaketo Yeik Thar mini Condo,1020.0,2,1,0.0,0.0,0.0,1,0,City View,55222.22,10.919138795989777
1,0,0,0,0,0,New Thekatto Yiek Thar Condo,2400.0,3,3,0.0,0.0,0.0,1,1,City View,288888.89,12.573800891034102
1,0,0,0,0,0,New Thekatto Yiek Thar mini Condo,1020.0,2,2,0.0,1.0,0.0,1,0,City View,66666.67,11.107475406748813
1,0,0,0,0,0,New Thekatto Yiek Thar mini Condo,1040.0,2,2,0.0,0.0,0.0,1,0,City View,93333.33,11.44394327199769
1,0,0,0,0,0,One 62 Residence,1750.0,3,2,0.0,0.0,0.0,0,0,City View,220000.0,12.301387370778713
1,0,0,0,0,0,PaDoneMar mini Condo,1570.0,3,2,0.0,1.0,0.0,1,1,City View,95555.56,11.467473602466132
1,0,0,0,0,0,Park Lane Condo,1550.0,3,1,0.0,0.0,0.0,0,0,City View,166666.67,12.0237571087181
1,0,0,0,0,0,Park Lane Condo,1432.0,3,3,0.0,1.0,0.0,0,1,City View,177777.78,12.0882952473579
1,0,0,0,0,0,Park Lane Condo,1420.0,3,2,0.0,1.0,0.0,0,1,City View,177777.78,12.0882952473579
1,0,0,0,0,0,Park Lane Condo,1550.0,3,2,0.0,0.0,0.0,0,0,City View,177777.78,12.0882952473579
1,0,0,0,0,0,Park Lane Condo,1462.0,3,3,0.0,0.0,0.0,1,1,City View,173333.33,12.062977551872969
1,0,0,0,0,0,Park Lane Condo,1360.0,3,2,0.0,0.0,0.0,0,0,City View,177777.78,12.0882952473579
1,0,0,0,0,0,Peral Condo,1750.0,3,2,1.0,0.0,1.0,0,1,City View,144444.44,11.880657137379487
1,0,0,0,0,0,Peral Condo,1950.0,2,2,1.0,1.0,1.0,1,1,City View,122222.22,11.71360432403542
1,0,0,0,0,0,Peral Condo,1780.0,3,2,1.0,1.0,1.0,1,1,City View,144444.44,11.880657137379487
1,0,0,0,0,0,Peral Condo,1450.0,3,2,1.0,1.0,1.0,1,1,City View,106666.67,11.57747339231356
1,0,0,0,0,0,Peral Condo,400.0,2,1,1.0,1.0,1.0,1,1,City View,56666.67,10.944959133089895
1,0,0,0,0,0,Peral Condo,800.0,1,1,1.0,1.0,1.0,1,1,City View,71111.11,11.172012924775979
1,0,0,0,0,0,Peral Condo,1580.0,3,2,1.0,1.0,1.0,1,1,City View,140000.0,11.849404844423074
1,0,0,0,0,0,Peral Condo,1870.0,4,3,0.0,0.0,0.0,0,0,City View,188888.89,12.14891953167618
1,0,0,0,0,0,Peral Condo,1450.0,3,2,0.0,0.0,0.0,0,0,City View,111111.11,11.618294970587645
1,0,0,0,0,0,Peral Condo,1780.0,3,2,0.0,0.0,0.0,1,1,City View,151111.11,11.925777290648284
1,0,0,0,0,0,Peral Condo,1750.0,3,2,0.0,0.0,0.0,0,1,City View,166666.67,12.0237571087181
1,0,0,0,0,0,Peral Condo,1250.0,3,2,1.0,1.0,1.0,1,1,City View,100000.0,11.51293546492023
1,0,0,0,0,0,Peral Condo,1251.0,3,2,1.0,1.0,1.0,1,1,City View,122222.22,11.71360432403542
1,0,0,0,0,0,Peral Condo,1160.0,2,1,1.0,1.0,1.0,1,1,City View,106666.67,11.57747339231356
1,0,0,0,0,0,Peral Condo,1161.0,2,1,1.0,1.0,1.0,1,1,City View,100000.0,11.51293546492023
1,0,0,0,0,0,Peral Condo,1250.0,3,2,1.0,1.0,1.0,1,1,City View,122222.22,11.71360432403542
1,0,0,0,0,0,Peral Condo,1750.0,3,2,1.0,1.0,1.0,1,1,City View,155555.56,11.954764674371278
1,0,0,0,0,0,Peral Condo,1780.0,3,2,0.0,0.0,0.0,0,0,City View,144444.44,11.880657137379487
1,0,0,0,0,0,Peral Condo,1520.0,3,2,0.0,0.0,0.0,0,0,City View,144444.44,11.880657137379487
1,0,0,0,0,0,Peral Condo,1950.0,3,2,0.0,1.0,0.0,1,1,City View,166666.67,12.0237571087181
1,0,0,0,0,0,Peral Condo,1780.0,4,4,1.0,0.0,1.0,1,1,City View,188888.89,12.14891953167618
1,0,0,0,0,0,Peral Condo,500.0,1,1,0.0,1.0,0.0,1,1,City View,26666.67,10.191207249280106
1,0,0,0,0,0,Peral Condo,1000.0,2,2,0.0,1.0,0.0,1,1,City View,47777.78,10.774336886857704
1,0,0,0,0,0,Peral Condo,1250.0,2,2,0.0,1.0,0.0,1,1,City View,66666.67,11.107475406748813
1,0,0,0,0,0,Peral Condo,1250.0,2,2,1.0,1.0,1.0,1,1,City View,100000.0,11.51293546492023
1,0,0,0,0,0,Peral Condo,1725.0,3,2,0.0,0.0,0.0,0,0,City View,166666.67,12.0237571087181
1,0,0,0,0,0,Peral Condo,1432.0,2,3,0.0,1.0,0.0,0,1,City View,177777.78,12.0882952473579
1,0,0,0,0,0,Peral Condo,1780.0,3,2,1.0,1.0,1.0,1,1,City View,151111.11,11.925777290648284
1,0,0,0,0,0,Peral Condo (Building E),1780.0,3,2,0.0,1.0,0.0,0,1,City View,166666.67,12.0237571087181
1,0,0,0,0,0,Peral Condo (Tower A),1800.0,3,3,1.0,1.0,1.0,0,1,City View,143333.33,11.872935152465832
1,0,0,0,0,0,Peral Condo (Tower F),1333.0,3,2,0.0,1.0,0.0,1,1,City View,155555.56,11.954764674371278
1,0,0,0,0,0,Phoe Sein Condo,1500.0,3,2,0.0,0.0,0.0,1,1,City View,115555.56,11.65751538605125
1,0,0,0,0,0,Phoe Sein Condo,2850.0,3,3,0.0,1.0,0.0,1,1,City View,188888.89,12.14891953167618
1,0,0,0,0,0,Phoe Sein Condo,1750.0,3,2,0.0,1.0,0.0,1,1,City View,62222.22,11.038483520960828
1,0,0,0,0,0,Phoe Sein Condo,1900.0,3,2,0.0,1.0,0.0,1,1,City View,115555.56,11.65751538605125
1,0,0,0,0,0,Pike Lone st mini condo,972.0,1,1,0.0,1.0,0.0,1,1,City View,100000.0,11.51293546492023
1,0,0,0,0,0,Poe Sein Condo,1900.0,3,2,0.0,1.0,0.0,1,1,City View,115555.56,11.65751538605125
1,0,0,0,0,0,Royal Myanmar mini Condo,1020.0,2,2,0.0,0.0,0.0,1,0,City View,64444.44,11.07357425334292
1,0,0,0,0,0,Royal Phoe Sein Condo,8500.0,3,3,0.0,1.0,0.0,1,1,City View,188888.89,12.14891953167618
1,0,0,0,0,0,Royal Phoe Sein Condo,2860.0,3,4,0.0,0.0,0.0,0,0,City View,144444.44,11.880657137379487
1,0,0,0,0,0,Sakura Palace Condo,1370.0,3,2,0.0,1.0,0.0,1,1,City View,131111.11,11.783808037720673
1,0,0,0,0,0,Sevilla Residence Condo,1690.0,2,1,1.0,0.0,1.0,0,0,City View,351111.11,12.768860853159538
1,0,0,0,0,0,Shwe Gone Daing Tower Condo,1500.0,4,3,0.0,1.0,0.0,1,1,City View,110666.67,11.614287025454479
1,0,0,0,0,0,Shwe Gone Tai Tower Condo,1500.0,4,3,0.0,0.0,0.0,1,1,City View,110666.67,11.614287025454479
1,0,0,0,0,0,Shwe Gone Tai Tower Condo,1700.0,2,2,0.0,0.0,0.0,0,0,City View,117777.78,11.676563398149788
1,0,0,0,0,0,Shwe Gone Tower Condo,1500.0,4,3,0.0,0.0,0.0,0,1,City View,110000.0,11.608244735642321
1,0,0,0,0,0,Shwe Taung Gyar Condo,2100.0,3,3,0.0,1.0,0.0,0,1,City View,220000.0,12.301387370778713
1,0,0,0,0,0,Shwe Taung Gyar mini Condo,2000.0,2,1,0.0,0.0,0.0,0,0,City View,144444.44,11.880657137379487
1,0,0,0,0,0,Shwe Than Lwin Condo,3600.0,3,2,0.0,0.0,0.0,1,0,City View,300000.0,12.611541086966115
1,0,0,0,0,0,Shwe Yiek Mon Condo,1600.0,3,2,0.0,0.0,0.0,0,0,City View,333333.33,12.716901259291694
1,0,0,0,0,0,Shwe Yiek Mon Condo,1600.0,3,3,0.0,1.0,0.0,1,1,City View,333333.33,12.716901259291694
1,0,0,0,0,0,Tak Lann Mini Condo,1566.0,3,1,0.0,0.0,0.0,0,0,City View,132222.22,11.792246833941508
1,0,0,0,0,0,Tak Lann Mini Condo,1566.0,2,1,0.0,0.0,0.0,0,0,City View,102222.22,11.534914132510933
1,0,0,0,0,0,Tak Lann Mini Condo,1566.0,3,3,0.0,0.0,0.0,0,0,City View,97777.78,11.490462859065639
1,0,0,0,0,0,Taw  Win Myanmar mini Condi,1020.0,2,1,0.0,1.0,0.0,1,0,City View,77777.78,11.261623922320588
1,0,0,0,0,0,Thakatto Yiek Mon Condo,1250.0,3,2,0.0,1.0,0.0,1,1,City View,122222.22,11.71360432403542
1,0,0,0,0,0,Thakatto Yiek Mon Condo,1450.0,4,3,0.0,0.0,0.0,1,1,City View,133333.33,11.800615012394072
1,0,0,0,0,0,Thakatto Yiek Mon Condo,1480.0,4,3,0.0,1.0,0.0,1,1,City View,133333.33,11.800615012394072
1,0,0,0,0,0,Thakatto Yiek Thar Condo,1020.0,2,1,0.0,0.0,0.0,1,0,City View,77777.78,11.261623922320588
1,0,0,0,0,0,Thakatto Yiek Thar mini Condo,1190.0,1,1,0.0,1.0,0.0,1,0,City View,84444.44,11.343860924330484
1,0,0,0,0,0,Thakatto Yiek Thar mini Condo,3315.0,5,2,0.0,1.0,0.0,1,1,City View,311111.11,12.647908608518344
1,0,0,0,0,0,Thakatto Yiek Thar mini Condo,1080.0,2,1,0.0,0.0,0.0,1,1,City View,100000.0,11.51293546492023
1,0,0,0,0,0,Thakatto Yiek Thar mini Condo,1020.0,2,1,0.0,1.0,0.0,1,1,City View,93333.33,11.44394327199769
1,0,0,0,0,0,Thakatto Yiek Thar mini Condo,1200.0,2,2,0.0,1.0,0.0,1,0,City View,93333.33,11.44394327199769
1,0,0,0,0,0,Thakatto Yiek Thar mini Condo,2040.0,4,3,0.0,0.0,0.0,1,0,City View,120000.0,11.695255355062795
1,0,0,0,0,0,Thaketo Yiek Mon Condo,2850.0,3,2,0.0,1.0,0.0,1,1,City View,133333.33,11.800615012394072
1,0,0,0,0,0,The Vista Condo,1147.0,1,1,1.0,0.0,1.0,1,1,City View,193333.33,12.172176249013619
1,0,0,0,0,0,The Vista Condo,1100.0,2,3,0.0,0.0,0.0,0,0,City View,177777.78,12.0882952473579
1,0,0,0,0,0,The Vista Condo,1041.0,2,1,0.0,0.0,0.0,0,0,City View,277777.78,12.534580320495701
1,0,0,0,0,0,The Vista Condo,984.0,2,1,1.0,0.0,1.0,1,1,City View,76666.67,11.24723538610811
1,0,0,0,0,0,Thekatto Yiek Thar Condo,1755.0,2,1,0.0,0.0,0.0,1,0,City View,122222.22,11.71360432403542
1,0,0,0,0,0,Time Link Condo,1800.0,3,3,0.0,0.0,0.0,0,0,City View,266666.67,12.493758480474876
1,0,0,0,0,0,Time Link Condo,2062.0,3,3,0.0,1.0,0.0,0,0,City View,531866.67,13.184149996781203
1,0,0,0,0,0,Treasure Residence Condo,1765.0,3,1,1.0,1.0,1.0,1,1,City View,298088.89,12.60515036429735
1,0,0,0,0,0,Treasure Residence Condo,1733.0,3,3,1.0,1.0,1.0,1,1,City View,248888.89,12.424765868808342
1,0,0,0,0,0,Treasure Residence Condo,1733.0,3,2,1.0,1.0,1.0,1,1,City View,255555.56,12.451199033990218
1,0,0,0,0,0,Treasure Residence Condo,1730.0,3,1,0.0,0.0,0.0,0,0,City View,255555.56,12.451199033990218
1,0,0,0,0,0,U chit Mg Pagoda mini Condo,1360.0,3,2,0.0,1.0,0.0,1,1,City View,100000.0,11.51293546492023
1,0,0,0,0,0,University  Paradise Condo,1600.0,3,2,0.0,0.0,0.0,0,0,City View,144444.44,11.880657137379487
1,0,0,0,0,0,University  Paradise Condo,1600.0,3,2,0.0,1.0,0.0,0,1,City View,166666.67,12.0237571087181
1,0,0,0,0,0,War Yar Latt (3) lann Condo,972.0,2,2,0.0,0.0,0.0,1,0,City View,77777.78,11.261623922320588
1,0,0,0,0,0,West Shwe Da Gone Condo,972.0,2,1,0.0,0.0,0.0,1,0,City View,77777.78,11.261623922320588
1,0,0,0,0,0,Yuzana Condo,1250.0,4,2,0.0,0.0,0.0,1,1,Shwe da gon View,113333.33,11.638097402003213
1,0,0,0,0,0,Yuzana Mini Condo,1250.0,4,2,0.0,0.0,0.0,1,1,Shwe da gone View,113333.33,11.638097402003213
1,0,0,0,0,0,Yuzana Tower,1800.0,3,2,0.0,1.0,0.0,1,1,City View,133333.33,11.800615012394072
0,0,0,0,1,0,Ngwe Aein San,927.0,3,1,1.0,1.0,0.0,1,1,Street View,2444.44,7.801980344818481
0,0,0,0,1,0,MICT park condo,1000.0,3,2,0.0,0.0,0.0,1,1,City View,87777.78,11.382575064763323
0,0,0,0,1,0,Golden Parami,1283.0,1,1,1.0,1.0,0.0,1,1,City,12888.89,9.464198562149729
0,0,0,0,1,0,Golden Parami,1330.0,2,1,0.0,0.0,0.0,1,1,Lake View,21333.33,9.968072791332412
0,0,0,0,1,0,Golden Parami,1302.0,3,2,1.0,1.0,0.0,1,1,Street View,244444.44,12.406747413711305
0,0,0,0,1,0,Golden Parami,1090.0,2,1,0.0,1.0,1.0,1,1,Lake View,11777.78,9.374054886477289
0,0,0,0,1,0,Golden parami,1803.0,3,2,1.0,1.0,1.0,1,1,City View,140000.0,11.849404844423074
0,0,0,0,1,0,grand mya kan thar,980.0,2,2,1.0,1.0,1.0,1,1,City View,188888.89,12.14891953167618
0,0,0,0,1,0,khine shwe yee,1300.0,3,3,0.0,0.0,0.0,1,0,City View,1311111.11,14.086386273963791
0,0,0,0,1,0,Mahar Swae,890.0,1,2,0.0,1.0,0.0,1,1,City View,39555.56,10.585486825433971
0,0,0,0,1,0,Mahar Swae,970.0,2,4,0.0,1.0,1.0,1,1,City View,5200.0,8.556606193773073
0,0,0,0,1,0,Mahar Swae,1020.0,2,5,0.0,0.0,0.0,1,1,City View,8777.78,9.080092724810408
0,0,0,0,1,0,Mahar Swae,950.0,2,6,1.0,0.0,1.0,1,1,City View,10866.67,9.293547605712762
0,0,0,0,1,0,Mahar Swae,840.0,1,3,0.0,1.0,0.0,1,0,City View,4266.67,8.358823289844702
0,0,0,0,1,0,Mahar Swae,880.0,1,1,0.0,1.0,0.0,1,1,Street View,48444.44,10.78819349524251
0,0,0,0,1,0,Mahar Swae,990.0,2,7,0.0,0.0,1.0,1,1,Garden View,9777.78,9.187970010871359
0,0,0,0,1,0,Mahar Swae,910.0,1,2,0.0,1.0,0.0,1,1,City View,34888.89,10.459952381410014
0,0,0,0,1,0,Mahar Swae,1050.0,3,8,0.0,1.0,1.0,1,1,Lake View,110888.89,11.616293005972741
0,0,0,0,1,0,Mahar Swae,870.0,1,1,0.0,1.0,0.0,1,1,Street View,3022.22,8.014077767520144
0,0,0,0,1,0,mahar swae condo,1088.0,2,2,0.0,1.0,0.0,1,1,City View,100000.0,11.51293546492023
0,0,0,0,1,0,MICT Park condo,1190.0,3,2,0.0,1.0,0.0,1,1,Lake View,16222.22,9.6941988283121
0,0,0,0,1,0,MICT Park condo,1270.0,3,2,1.0,0.0,1.0,1,1,Lake View,15333.33,9.637849384690714
0,0,0,0,1,0,Ngwe Aein San,1351.0,2,1,0.0,0.0,0.0,1,1,City View,11333.33,9.335591452240061
0,0,0,0,1,0,Ngwe Aein San,859.0,4,2,0.0,1.0,0.0,1,1,Street View,18000.0,9.798182590890704
0,0,0,0,1,0,Ngwe Aein San,1170.0,3,1,0.0,1.0,0.0,1,1,Garden View,2444.44,7.801980344818481
0,0,0,0,1,0,Ngwe Aein San,980.0,3,1,0.0,0.0,0.0,1,1,City View,13555.56,9.514625841994683
0,0,0,0,1,0,Ngwe Aein San tawin,9500.0,2,2,1.0,0.0,1.0,1,1,City View,214444.44,12.27581062602112
0,0,0,0,1,0,Parami Valley,980.0,2,1,0.0,1.0,0.0,1,1,City View,2666.67,7.888960711229582
0,0,0,0,1,0,Parami Valley,1150.0,3,2,1.0,0.0,1.0,0,1,Lake View,12222.22,9.411092700469904
0,0,0,0,1,0,Parami Valley,1030.0,3,1,0.0,1.0,0.0,1,0,Garden View,7777.78,8.959154792536765
0,0,0,0,1,0,Parami Valley,1200.0,4,1,0.0,0.0,1.0,1,1,Street View,11111.11,9.315790783593247
0,0,0,0,1,0,Parami Valley,870.0,2,1,0.0,0.0,0.0,1,1,City View,266666.67,12.493758480474876
0,0,0,0,1,0,Parami Valley,1100.0,3,1,1.0,0.0,0.0,1,1,Garden View,10000.0,9.210440366976517
0,0,0,0,1,0,Parami Valley,950.0,2,1,0.0,1.0,0.0,1,1,Lake View,4888.89,8.494925087328378
0,0,0,0,1,0,Parami Valley,1050.0,3,1,0.0,0.0,1.0,1,1,City View,10666.67,9.274972951190154
0,0,0,0,1,0,Parami Valley,980.0,2,1,0.0,1.0,0.0,1,1,Street View,6666.67,8.80502575254403
0,0,0,0,1,0,Parami Valley,1155.0,3,2,0.0,0.0,1.0,1,1,Garden View,13333.33,9.498097191634322
0,0,0,0,1,0,parami valley residence,1216.0,3,2,1.0,1.0,1.0,1,1,City View,1444444.44,14.183236027320124
0,0,0,0,1,0,Royal Thukha,970.0,2,2,0.0,0.0,0.0,1,1,City View,80000.0,11.289794413577894
0,0,0,0,1,0,Royal Thukha,1164.0,4,1,1.0,0.0,0.0,0,1,City View,12000.0,9.392745258631441
0,0,0,0,1,0,Royal Thukha,1176.0,2,1,0.0,0.0,0.0,1,1,City View,3777.78,8.237156485195465
0,0,0,0,1,0,Royal Thukha,951.0,3,2,0.0,0.0,1.0,0,1,City View,15111.11,9.623251688138444
0,0,0,0,1,0,Royal Thukha,1375.0,2,2,1.0,1.0,0.0,1,1,Garden View,20222.22,9.914586728164844
0,0,0,0,1,0,Royal Thukha,1205.0,4,2,0.0,0.0,1.0,1,1,Lake View,5777.78,8.661947866723093
0,0,0,0,1,0,Royal Thukha,1120.0,2,2,0.0,0.0,1.0,1,1,Garden View,14444.44,9.578134072803337
0,0,0,0,1,0,Royal Thukha,1225.0,3,2,0.0,1.0,1.0,1,0,Garden View,18222.22,9.810451884068616
0,0,0,0,1,0,The leaf condo,1725.0,4,3,0.0,0.0,0.0,1,1,City View,21111.11,9.957602088476522
0,0,0,0,1,0,The leaf condo,1725.0,4,4,1.0,0.0,1.0,1,1,City View,53333.33,10.884335492873245
0,0,0,0,1,0,The leaf condo,1140.0,3,2,1.0,1.0,1.0,0,1,Shwe Dagon Pagoda View,5111.11,8.539367513822732
0,0,0,0,1,0,The leaf condo,2400.0,3,2,0.0,1.0,0.0,1,1,City View,20000.0,9.90353755128617
0,0,0,0,1,0,The leaf condo,400.0,1,1,0.0,0.0,0.0,1,1,City View,7111.11,8.869554243890779
0,0,0,0,1,0,The leaf condo,1150.0,3,2,0.0,1.0,0.0,1,1,City View,160000.0,11.982935344196433
0,0,0,0,1,0,The leaf condo,1725.0,4,3,0.0,0.0,0.0,1,1,City View,211111.11,12.260144598368203
0,0,0,0,1,0,The Leaf Condo,1250.0,3,5,1.0,0.0,1.0,1,1,City View,124444.44,11.731622665903059
0,0,0,0,1,0,The Leaf Condo,1250.0,3,2,1.0,0.0,1.0,1,1,shwe dagon pagoda view,133333.33,11.800615012394072
0,0,0,0,1,0,The Leaf Condo,1250.0,3,2,1.0,0.0,1.0,1,1,City View,51111.11,10.841776734416348
0,0,0,0,1,0,The Leaf Condo,1250.0,3,3,1.0,0.0,1.0,1,1,City View,51111.11,10.841776734416348
0,0,0,0,1,0,The Leaf Condo,1250.0,4,1,1.0,0.0,1.0,1,1,City View,1488888.89,14.213541359972753
0,0,0,0,1,0,The Leaf Condo,1250.0,3,2,1.0,0.0,1.0,1,1,City View,173333.33,12.062977551872969
0,0,0,0,1,0,Ngwe Aein San,961.0,2,1,1.0,0.0,0.0,0,1,Lake View,7111.11,8.869554243890779
0,1,0,0,0,0,16 th st Condo,1125.0,2,3,0.0,0.0,0.0,1,0,City View,115555.56,11.65751538605125
0,1,0,0,0,0,Bahosi Condo,1900.0,3,2,0.0,1.0,0.0,0,1,City View,110888.89,11.616293005972741
0,1,0,0,0,0,Bahosi Condo,1000.0,2,1,0.0,1.0,0.0,0,1,City View,66666.67,11.107475406748813
0,1,0,0,0,0,Bar lann Condo,3000.0,3,3,0.0,0.0,0.0,1,1,City View,211111.11,12.260144598368203
0,1,0,0,0,0,Bar lann Condo,1500.0,3,2,0.0,0.0,0.0,0,0,City View,137777.78,11.833404634412092
0,1,0,0,0,0,Bo Aung Kyaw  Condo,990.0,1,1,0.0,0.0,0.0,0,0,City View,27777.78,10.232027698857296
0,1,0,0,0,0,Bo Aung Kyaw Tower Condo,1600.0,3,2,0.0,0.0,0.0,0,0,City View,151111.11,11.925777290648284
0,1,0,0,0,0,Brillance Mansion Condo,930.0,2,1,1.0,1.0,1.0,1,1,City View,144444.44,11.880657137379487
0,1,0,0,0,0,Brillance Mansion Condo,950.0,2,2,1.0,1.0,1.0,1,1,City View,177777.78,12.0882952473579
0,1,0,0,0,0,Brillance Mansion Condo,1200.0,2,2,1.0,0.0,1.0,1,1,City View,233333.33,12.36022759677688
0,1,0,0,0,0,Brillance Mansion Condo,1154.0,3,3,1.0,1.0,1.0,1,1,Garden View,233333.33,12.36022759677688
0,1,0,0,0,0,Brillance Mansion Condo,1154.0,3,3,1.0,1.0,1.0,1,1,City View,188888.89,12.14891953167618
0,1,0,0,0,0,Brillance Mansion Condo,1134.0,4,2,1.0,1.0,1.0,1,1,City View,188888.89,12.14891953167618
0,1,0,0,0,0,Brillance Mansion Condo,935.0,2,2,1.0,1.0,1.0,1,1,City View,155555.56,11.954764674371278
0,1,0,0,0,0,Brillance Mansion Condo,936.0,2,1,1.0,0.0,1.0,1,1,City View,155555.56,11.954764674371278
0,1,0,0,0,0,Brillance Mansion Condo,1154.0,3,2,1.0,1.0,1.0,1,1,City View,184444.44,12.125108980572302
0,1,0,0,0,0,Central Tower,2600.0,6,1,0.0,0.0,0.0,0,1,City View,173333.33,12.062977551872969
0,1,0,0,0,0,City Shine mini Condo,1512.0,3,3,0.0,0.0,0.0,0,0,City View,133333.33,11.800615012394072
0,1,0,0,0,0,City Shine mini Condo,1250.0,2,2,0.0,0.0,0.0,0,0,City View,91111.11,11.419846005258753
0,1,0,0,0,0,Classic Strand Condo,1921.0,3,2,0.0,1.0,1.0,1,1,River View,200000.0,12.206077645517674
0,1,0,0,0,0,CS D88,1500.0,2,2,0.0,0.0,0.0,0,0,City View,122222.22,11.71360432403542
0,1,0,0,0,0,Dana Thiha Condo,2500.0,3,2,0.0,0.0,0.0,0,1,City View,155555.56,11.954764674371278
0,1,0,0,0,0,Grate Wall Condo,1350.0,3,1,0.0,1.0,0.0,1,1,City View,166666.67,12.0237571087181
0,1,0,0,0,0,Junction Mawtin Condo,1442.0,3,3,1.0,1.0,1.0,1,1,River View,217777.78,12.291235055900708
0,1,0,0,0,0,Junction Mawtin Condo,1500.0,3,3,1.0,1.0,1.0,1,1,River View,217777.78,12.291235055900708
0,1,0,0,0,0,Junction Mawtin Condo,1950.0,4,3,0.0,1.0,1.0,1,1,River View,255555.56,12.451199033990218
0,1,0,0,0,0,Kili Yiek Thar Condo,2500.0,3,4,0.0,1.0,0.0,1,1,City View,333333.33,12.716901259291694
0,1,0,0,0,0,Lan Thit Yiek Thar Condo,770.0,2,2,1.0,1.0,0.0,0,0,River View,84444.44,11.343860924330484
0,1,0,0,0,0,Lan Thit Yiek Thar Condo,1225.0,3,2,1.0,1.0,1.0,1,1,City View,122222.22,11.71360432403542
0,1,0,0,0,0,Lanmadaw 16 st Condo,1125.0,2,3,0.0,0.0,0.0,1,0,City View,115555.56,11.65751538605125
0,1,0,0,0,0,Lanmadaw plaza Condo,1008.0,2,2,0.0,0.0,0.0,1,0,City View,60000.0,11.002116507732017
0,1,0,0,0,0,Lann 40 mini Condo,1250.0,2,2,0.0,0.0,0.0,0,1,City View,108888.89,11.598092467145824
0,1,0,0,0,0,Lann Thit Yiek Thar Condo,805.0,2,1,0.0,1.0,0.0,1,1,City View,94444.44,11.455777592251193
0,1,0,0,0,0,Magical World Condo,615.0,2,2,1.0,1.0,1.0,1,1,City View,113333.33,11.638097402003213
0,1,0,0,0,0,Magical World Condo,614.0,2,2,1.0,1.0,1.0,1,1,City View,104444.44,11.556420108779433
0,1,0,0,0,0,Magical World Condo (Tower D),589.0,2,2,,,,1,1,River View,128888.89,11.766713752957543
0,1,0,0,0,0,Medical World Condo,614.0,2,1,,,,0,1,City,113333.33,11.638097402003213
0,1,0,0,0,0,Megical Condo,613.0,2,2,,,,0,0,City,106666.67,11.57747339231356
0,1,0,0,0,0,Megical Condo,391.0,1,1,,,,0,0,City,75555.56,11.232636793845352
0,1,0,0,0,0,Megical World Condo,698.0,2,2,0.0,0.0,0.0,0,0,City View,122222.22,11.71360432403542
0,1,0,0,0,0,Megical World Condo,350.0,1,1,1.0,1.0,1.0,0,0,Garden View,68888.89,11.140264711837528
0,1,0,0,0,0,Megical World Condo,350.0,1,1,1.0,1.0,1.0,1,1,City View,70000.0,11.156264806643742
0,1,0,0,0,0,Megical World Condo,613.0,2,1,1.0,1.0,1.0,1,1,Garden View,144444.44,11.880657137379487
0,1,0,0,0,0,Megical World Condo,398.0,1,1,0.0,0.0,0.0,0,0,City View,72222.22,11.187516879824784
0,1,0,0,0,0,Megical World Condo,417.0,1,1,1.0,0.0,0.0,1,1,Garden View,91111.11,11.419846005258753
0,1,0,0,0,0,Megical World Condo,392.0,1,1,1.0,0.0,1.0,1,1,City View,88888.89,11.395153691750423
0,1,0,0,0,0,Megical World Condo,406.0,1,1,1.0,1.0,1.0,1,1,City View,71111.11,11.172012924775979
0,1,0,0,0,0,Megical World Condo,613.0,2,2,1.0,1.0,1.0,1,1,City View,122222.22,11.71360432403542
0,1,0,0,0,0,Megical World Condo,428.0,1,1,1.0,1.0,1.0,1,1,City View,75555.56,11.232636793845352
0,1,0,0,0,0,Megical World Condo,348.0,1,1,1.0,1.0,1.0,1,1,City View,68888.89,11.140264711837528
0,1,0,0,0,0,Megical World Condo,400.0,1,1,1.0,1.0,1.0,1,1,City View,88888.89,11.395153691750423
0,1,0,0,0,0,Megical World Stylish Condo,400.0,1,1,0.0,0.0,0.0,0,0,City View,73111.11,11.199749295491884
0,1,0,0,0,0,Merchet Suite Condo,1470.0,3,3,1.0,1.0,1.0,1,1,City View,133333.33,11.800615012394072
0,1,0,0,0,0,MGW Tower,2360.0,3,2,0.0,0.0,0.0,1,1,City View,113333.33,11.638097402003213
0,1,0,0,0,0,Min Ye Kyaw Swar Condo,2200.0,3,3,0.0,1.0,0.0,1,1,City View,195555.56,12.183604926028561
0,1,0,0,0,0,Mingalar Tower Condo,1500.0,3,1,0.0,0.0,0.0,0,1,City View,55555.56,10.925156879904668
0,1,0,0,0,0,MWEA Tower Condo,1550.0,3,4,0.0,0.0,0.0,0,0,City View,117777.78,11.676563398149788
0,1,0,0,0,0,Myawaddy Condo,1950.0,4,3,0.0,1.0,0.0,1,1,City View,255555.56,12.451199033990218
0,1,0,0,0,0,Myawaddy Condo,1950.0,4,4,0.0,1.0,1.0,1,0,City View,255555.56,12.451199033990218
0,1,0,0,0,0,Myawaddy Condo,2000.0,3,2,0.0,1.0,0.0,1,1,City View,255555.56,12.451199033990218
0,1,0,0,0,0,Myawaddy Condo,1905.0,2,1,0.0,1.0,0.0,1,1,City View,177777.78,12.0882952473579
0,1,0,0,0,0,Naing Group Sule Tower,742.0,1,1,0.0,1.0,0.0,1,1,City View,88888.89,11.395153691750423
0,1,0,0,0,0,Naing Group Sule Tower Condo,1227.0,2,2,1.0,1.0,1.0,1,0,City View,217777.78,12.291235055900708
0,1,0,0,0,0,Naing Group Tower,1500.0,2,1,0.0,1.0,0.0,0,0,City View,244444.44,12.406747413711305
0,1,0,0,0,0,Nyaung Pin Lay Zay Condo,1250.0,2,1,0.0,1.0,0.0,1,1,City View,84444.44,11.343860924330484
0,1,0,0,0,0,Nyaung Pin Lay Zay Condo,1300.0,1,1,0.0,1.0,0.0,1,1,City View,77777.78,11.261623922320588
0,1,0,0,0,0,Nyaung Pin Lay Zay Condo,1300.0,3,2,0.0,1.0,0.0,1,1,City View,131111.11,11.783808037720673
0,1,0,0,0,0,Olympic Tower Condo,3000.0,5,6,0.0,0.0,0.0,0,0,City View,244444.44,12.406747413711305
0,1,0,0,0,0,Pan So Dan Condo,1980.0,3,2,0.0,0.0,0.0,0,0,City View,222222.22,12.31143765117792
0,1,0,0,0,0,Pansodan business Tower,900.0,1,1,0.0,0.0,0.0,1,1,City View,44444.44,10.702017648503023
0,1,0,0,0,0,Pansodan condo,1250.0,2,2,0.0,1.0,0.0,1,0,City View,122222.22,11.71360432403542
0,1,0,0,0,0,Pansodan Road Tower,3000.0,3,2,0.0,1.0,0.0,1,1,City View,133333.33,11.800615012394072
0,1,0,0,0,0,Penthouse Luxury Condo,3136.0,4,1,0.0,1.0,0.0,1,1,City View,555555.56,13.227725701060521
0,1,0,0,0,0,Penthouse Luxury Condo,7783.0,5,1,0.0,1.0,0.0,1,1,City View,600000.0,13.304686600863562
0,1,0,0,0,0,Phoe Sein Condo,1750.0,3,3,0.0,0.0,0.0,1,1,City View,82666.67,11.32258387350213
0,1,0,0,0,0,Pin Lone Htate Htar Condo,1500.0,2,2,0.0,0.0,0.0,0,0,City View,155555.56,11.954764674371278
0,1,0,0,0,0,Ruby 36 Condo,1029.0,2,1,0.0,1.0,0.0,1,0,City View,217777.78,12.291235055900708
0,1,0,0,0,0,Ruby 36 Condo,1100.0,3,2,0.0,0.0,0.0,1,1,City View,33333.33,10.414343075855122
0,1,0,0,0,0,Shine Condo,1250.0,3,2,0.0,1.0,0.0,1,0,City View,122222.22,11.71360432403542
0,1,0,0,0,0,Shine Condo,3000.0,3,3,0.0,0.0,0.0,0,0,City View,444444.44,13.004582581745437
0,1,0,0,0,0,Strand Condo,1825.0,4,3,0.0,1.0,0.0,1,1,City View,188888.89,12.14891953167618
0,1,0,0,0,0,Strand Condo,1970.0,4,3,0.0,1.0,0.0,1,1,City View,144444.44,11.880657137379487
0,1,0,0,0,0,Sule Square Tower,1227.0,2,2,1.0,1.0,1.0,1,1,City View,217777.78,12.291235055900708
0,1,0,0,0,0,Sule Tower,1342.0,3,3,0.0,0.0,0.0,1,1,City View,134200.0,11.807093955056784
0,1,0,0,0,0,Sule Tower,1350.0,3,3,0.0,0.0,0.0,0,0,City View,300000.0,12.611541086966115
0,1,0,0,0,0,Sule Tower,1250.0,2,1,0.0,1.0,0.0,1,1,City View,144444.44,11.880657137379487
0,1,0,0,0,0,Sule Tower 2,1227.0,2,2,1.0,0.0,1.0,1,0,City View,217777.78,12.291235055900708
0,1,0,0,0,0,Sule Tower 2 Condo,1100.0,2,2,1.0,1.0,1.0,1,1,City View,106666.67,11.57747339231356
0,1,0,0,0,0,Tak Lann Condo,1500.0,3,2,0.0,1.0,0.0,1,0,City View,122222.22,11.71360432403542
0,1,0,0,0,0,Tak Lann Condo,770.0,2,2,1.0,1.0,0.0,1,1,River View,84444.44,11.343860924330484
0,1,0,0,0,0,Time Square Condo,1800.0,3,2,0.0,1.0,0.0,1,1,City View,153333.33,11.940375979776043
0,1,0,0,0,0,United Condo,1980.0,1,1,0.0,0.0,0.0,1,0,City View,244444.44,12.406747413711305
0,1,0,0,0,0,War Dan Land Condo,2500.0,2,2,0.0,1.0,0.0,1,1,City View,91111.11,11.419846005258753
0,1,0,0,0,0,Yadanar Mying Condo,1925.0,4,2,0.0,0.0,0.0,0,0,City View,93333.33,11.44394327199769
0,1,0,0,0,0,Zizawar Condo,3800.0,3,3,0.0,0.0,0.0,0,0,Nice View,333333.33,12.716901259291694
0,1,0,0,0,0,Zizawar Condo,7600.0,6,5,0.0,0.0,0.0,1,0,City View,355555.56,12.781439615429745
0,0,0,0,0,1,Shwe Pyi Aye,1150.0,3,2,1.0,1.0,1.0,1,1,City View,4444.44,8.399634130675599
0,0,0,0,0,1,Shwe Pyi Aye,1200.0,4,1,1.0,1.0,1.0,1,1,shwe dagon pagoda view,133333.33,11.800615012394072
0,0,0,0,0,1,Shwe Pyi Aye,1280.0,4,1,1.0,1.0,1.0,1,1,Garden View,126666.67,11.74932216405572
0,0,0,0,0,1,Shwe Pyi Aye,1300.0,3,2,1.0,1.0,1.0,1,1,Pool View,6666.67,8.80502575254403
0,0,0,0,0,1,Shwe Pyi Aye,1350.0,3,2,1.0,1.0,1.0,1,1,Street View,13333.33,9.498097191634322
0,0,0,0,0,1,Shwe Pyi Aye,1400.0,3,2,1.0,1.0,1.0,1,1,City View,64444.44,11.07357425334292
0,0,0,0,0,1,Shwe Pyi Aye,1180.0,3,2,1.0,1.0,1.0,1,0,Garden View,7555.56,8.9301713391626
0,0,0,0,0,1,Shwe Pyi Aye,1255.0,4,1,1.0,1.0,1.0,1,1,City View,11111.11,9.315790783593247
0,0,0,0,0,1,Shwe Pyi Aye,1320.0,3,2,1.0,1.0,1.0,1,1,Pool View,16000.0,9.680406499268875
0,0,0,0,0,1,Shwe Pyi Aye,1450.0,3,2,1.0,1.0,1.0,1,1,shwe dagon pagoda view,5555.56,8.622734490731714
0,0,0,0,0,1,Twin Centro,1150.0,3,2,0.0,0.0,0.0,1,1,City View,52000.0,10.859018228147887
0,0,0,0,0,1,Twin Centro,1200.0,2,3,1.0,1.0,1.0,1,1,City View,133333.33,11.800615012394072
0,0,0,0,0,1,Twin Centro,1280.0,1,4,0.0,0.0,0.0,1,1,Garden View,17333.33,9.760444207242394
0,0,0,0,0,1,Twin Centro,1300.0,3,2,1.0,1.0,1.0,1,1,Pool View,12666.67,9.446808357429742
0,0,0,0,0,1,Twin Centro,1350.0,3,2,1.0,1.0,1.0,1,1,City View,19777.78,9.892364924811414
0,0,0,0,0,1,Twin Centro,1400.0,3,2,1.0,1.0,1.0,0,1,City View,17333.33,9.760444207242394
0,0,0,0,0,1,Twin Centro,1180.0,3,2,1.0,1.0,1.0,1,1,Garden View,12444.44,9.429109569741183
0,0,0,0,0,1,Twin Centro,1255.0,3,2,1.0,1.0,1.0,1,1,City View,6444.44,8.771128183019725
0,0,0,0,0,1,Twin Centro,1320.0,3,2,1.0,1.0,1.0,1,1,Pool View,2666.67,7.888960711229582
0,0,0,0,0,1,Twin Centro,1450.0,3,2,1.0,1.0,1.0,1,1,shwe dagon pagoda view,138888.89,11.841436739916286
0,0,0,0,0,1,Twin Centro,1100.0,3,2,1.0,1.0,1.0,1,1,City View,13333.33,9.498097191634322
0,0,0,0,0,1,Twin Centro,1380.0,3,2,1.0,1.0,1.0,1,1,City View,14888.89,9.608437738142372
0,0,0,0,0,1,Twin Centro,1220.0,3,2,1.0,1.0,1.0,1,1,City View,12000.0,9.392745258631441
0,0,0,0,0,1,Twin Centro,1290.0,4,1,1.0,1.0,1.0,0,1,City View,12444.44,9.429109569741183
0,0,0,0,0,1,Twin Centro,1345.0,3,2,0.0,0.0,0.0,1,1,City View,5111.11,8.539367513822732
0,0,0,0,0,1,Twin Centro,1175.0,4,1,1.0,1.0,1.0,1,0,City View,128444.44,11.763259501713254
0,0,0,0,0,1,Twin Centro,1275.0,3,2,1.0,1.0,1.0,1,1,Garden View,4888.89,8.494925087328378
0,0,0,0,0,1,Twin Centro,1230.0,3,2,1.0,1.0,1.0,1,0,Pool View,148888.89,11.910962318448867
0,0,0,0,0,1,Twin Centro,1190.0,4,1,1.0,1.0,1.0,1,1,City View,17555.56,9.773182948226031
0,0,0,0,0,1,Twin Centro,1210.0,3,2,1.0,1.0,1.0,1,1,shwe dagon pagoda view,175333.33,12.074449887446228
0,0,0,0,0,1,Twin Centro,1260.0,3,2,1.0,1.0,1.0,1,1,Street View,15111.11,9.623251688138444
0,0,0,0,0,1,Twin Centro,1245.0,4,1,1.0,1.0,1.0,1,1,City View,111111.11,11.618294970587645
0,0,0,0,0,1,Twin Centro,1310.0,3,2,1.0,1.0,1.0,1,1,Pool View,15111.11,9.623251688138444
0,0,0,0,0,1,Twin Centro,1330.0,3,2,1.0,1.0,1.0,1,1,Garden View,3333.33,8.112027038616482
0,0,0,0,0,1,Twin Centro,1160.0,3,2,1.0,1.0,1.0,1,1,City View,10000.0,9.210440366976517
0,0,0,0,0,1,Twin Centro,1375.0,4,1,1.0,1.0,1.0,1,1,shwe dagon pagoda view,11555.56,9.355008520086622
0,0,0,0,0,1,Twin Centro,1360.0,3,2,1.0,1.0,1.0,1,1,Pool View,4000.0,8.294299608857235
0,0,0,0,0,1,Twin Centro,1140.0,3,2,1.0,1.0,1.0,1,1,City View,14444.44,9.578134072803337
0,0,0,0,0,1,Twin Centro,1390.0,3,2,1.0,1.0,1.0,1,1,City View,12444.44,9.429109569741183
0,0,0,0,0,1,Twin Centro,1425.0,3,2,1.0,1.0,1.0,1,1,City View,14888.89,9.608437738142372
0,0,0,0,0,1,aung taw mu lan,1250.0,1,1,0.0,0.0,0.0,1,0,City View,1111111.11,13.920871972621697
0,0,0,0,0,1,aung taw mu lan,1250.0,1,1,0.0,0.0,0.0,1,1,City View,111111.11,11.618294970587645
0,0,0,0,0,1,Aung Taw Mu Lan,980.0,2,1,0.0,1.0,0.0,1,1,City View,2666.67,7.888960711229582
0,0,0,0,0,1,Aung Taw Mu Lan,1150.0,3,2,1.0,0.0,1.0,1,1,Lake View,12222.22,9.411092700469904
0,0,0,0,0,1,Aung Taw Mu Lan,1030.0,3,1,0.0,1.0,0.0,1,1,Garden View,7777.78,8.959154792536765
0,0,0,0,0,1,Aung Taw Mu Lan,1200.0,4,1,0.0,0.0,1.0,1,1,Street View,11111.11,9.315790783593247
0,0,0,0,0,1,Aung Taw Mu Lan,870.0,2,1,0.0,1.0,0.0,1,1,City View,3333.33,8.112027038616482
0,0,0,0,0,1,Aung Taw Mu Lan,950.0,2,1,0.0,1.0,0.0,1,1,Lake View,4888.89,8.494925087328378
0,0,0,0,0,1,Aung Taw Mu Lan,1050.0,3,1,0.0,0.0,1.0,1,1,City View,1066666.67,13.880050019726403
0,0,0,0,0,1,Aung Taw Mu Lan,980.0,2,1,0.0,1.0,0.0,1,1,Street View,6666.67,8.80502575254403
0,0,0,0,0,1,Aung Taw Mu Lan,1155.0,3,2,0.0,0.0,1.0,1,1,Garden View,13333.33,9.498097191634322
0,0,0,0,0,1,barkayr condo,1350.0,2,1,0.0,1.0,0.0,1,1,City View,333333.33,12.716901259291694
0,0,0,0,0,1,blazon Condo,1600.0,3,1,0.0,1.0,0.0,1,1,City View,15555.56,9.65223769359915
0,0,0,0,0,1,condo for rent,1558.0,3,3,0.0,1.0,0.0,1,1,Shwe Dagon Pagoda View,4000.0,8.294299608857235
0,0,0,0,0,1,crystal condo,1900.0,5,2,1.0,1.0,1.0,1,0,City View,55555.56,10.925156879904668
0,0,0,0,0,1,crystal condo,1927.0,4,2,1.0,1.0,1.0,1,1,"City View, river view",511111.11,13.14434423846902
0,0,0,0,0,1,Gold Land,1230.0,3,1,1.0,0.0,1.0,1,0,City View,111111.11,11.618294970587645
0,0,0,0,0,1,Golden Land,2010.0,3,3,1.0,0.0,0.0,1,1,City View,217777.78,12.291235055900708
0,0,0,0,0,1,Golden Land,1150.0,3,8,0.0,1.0,1.0,0,1,City View,129333.33,11.770156036093175
0,0,0,0,0,1,Golden Land,980.0,2,7,1.0,1.0,0.0,1,1,Street View,1366666.67,14.127885977152498
0,0,0,0,0,1,Golden Land,1300.0,3,9,0.0,1.0,1.0,1,1,Lake View,211777.78,12.263297518272791
0,0,0,0,0,1,Golden Land,1020.0,2,3,0.0,1.0,0.0,1,1,City View,11555.56,9.355008520086622
0,0,0,0,0,1,Golden Land,1240.0,4,11,0.0,1.0,1.0,1,1,Garden View,196444.44,12.188140012703968
0,0,0,0,0,1,Grand Khit thar,2400.0,3,1,0.0,0.0,0.0,1,1,City View,355555.56,12.781439615429745
0,0,0,0,0,1,Grand Khit thar,1230.0,3,1,0.0,1.0,1.0,1,1,City View,11111.11,9.315790783593247
0,0,0,0,0,1,Grand Khit thar,1190.0,3,2,1.0,1.0,0.0,1,1,Lake View,16222.22,9.6941988283121
0,0,0,0,0,1,Grand Khit thar,1120.0,2,2,0.0,0.0,1.0,1,0,Garden View,14444.44,9.578134072803337
0,0,0,0,0,1,Grand Khit thar,1300.0,4,1,1.0,1.0,0.0,1,1,Street View,17333.33,9.760444207242394
0,0,0,0,0,1,Grand Khit thar,1090.0,2,1,0.0,1.0,1.0,1,1,Lake View,11777.78,9.374054886477289
0,0,0,0,0,1,Grand Khit thar,1340.0,4,2,0.0,0.0,1.0,1,1,Garden View,21111.11,9.957602088476522
0,0,0,0,0,1,Grand Khit thar,980.0,3,1,0.0,0.0,0.0,1,1,City View,13555.56,9.514625841994683
0,0,0,0,0,1,Grand Khit thar,1270.0,3,2,1.0,0.0,1.0,1,1,Lake View,15333.33,9.637849384690714
0,0,0,0,0,1,Grand Khit thar,1150.0,2,1,0.0,0.0,0.0,1,1,Street View,12000.0,9.392745258631441
0,0,0,0,0,1,Grand Khit thar,1225.0,3,2,0.0,1.0,1.0,1,1,Garden,3555.56,8.176549064550032
0,0,0,0,0,1,KBZ tower,1304.0,3,1,1.0,1.0,1.0,1,1,City View,9555.56,9.164983108654166
0,0,0,0,0,1,Khay Mar Residence,1500.0,4,1,0.0,1.0,1.0,1,1,City View,51111.11,10.841776734416348
0,0,0,0,0,1,Khay Mar Residence,1588.0,2,2,0.0,1.0,0.0,1,1,City View,4000.0,8.294299608857235
0,0,0,0,0,1,Khay Mar Residence,1588.0,3,3,0.0,1.0,1.0,1,0,City View,10000.0,9.210440366976517
0,0,0,0,0,1,Khay Mar Residence,2450.0,4,4,0.0,1.0,0.0,1,1,City View,28888.89,10.271246985907169
0,0,0,0,0,1,Khay Mar Residence,2540.0,4,3,0.0,1.0,0.0,1,1,City View,3333.33,8.112027038616482
0,0,0,0,0,1,Khay Mar Residence,1558.0,3,1,0.0,1.0,0.0,1,1,City View,4000.0,8.294299608857235
0,0,0,0,0,1,Khay Mar Residence,2540.0,3,1,0.0,1.0,0.0,1,1,City View,31111.11,10.345352411442601
0,0,0,0,0,1,Khay Mar Residence,1500.0,4,1,0.0,1.0,0.0,1,1,City View,200000.0,12.206077645517674
0,0,0,0,0,1,Khay Mar Residence,2540.0,2,1,0.0,1.0,0.0,1,1,City View,33333.33,10.414343075855122
0,0,0,0,0,1,Khay Mar Residence,1500.0,2,1,0.0,1.0,0.0,1,1,City View,200000.0,12.206077645517674
0,0,0,0,0,1,Khay Mar Residence,2540.0,3,1,0.0,1.0,0.0,1,1,City View,288888.89,12.573800891034102
0,0,0,0,0,1,Khay Mar Residence,1330.0,2,1,0.0,1.0,0.0,1,1,City View,108888.89,11.598092467145824
0,0,0,0,0,1,Khay Mar Residence,2540.0,5,5,0.0,1.0,0.0,1,1,City View,288888.89,12.573800891034102
0,0,0,0,0,1,La mie,1680.0,1,2,0.0,0.0,0.0,1,1,City View,15555.56,9.65223769359915
0,0,0,0,0,1,Mingalr lan,1500.0,3,2,0.0,0.0,0.0,1,1,City View,3777.78,8.237156485195465
0,0,0,0,0,1,mini condo,1250.0,3,2,0.0,1.0,0.0,1,1,City View,111111.11,11.618294970587645
0,0,0,0,0,1,mini condo,1200.0,2,1,0.0,1.0,1.0,1,1,City View,4444.44,8.399634130675599
0,0,0,0,0,1,mini condo,1250.0,4,1,0.0,0.0,1.0,1,1,City View,154444.44,11.947596173793045
0,0,0,0,0,1,mini condo,1160.0,2,1,0.0,1.0,0.0,0,1,City View,333333.33,12.716901259291694
0,0,0,0,0,1,mini condo,1250.0,2,2,0.0,0.0,0.0,1,1,City View,2222.22,7.706711874429572
0,0,0,0,0,1,mini condo,1792.0,3,1,0.0,0.0,0.0,1,1,City View,4000.0,8.294299608857235
0,0,0,0,0,1,Myat Mingalr,1250.0,4,2,0.0,1.0,1.0,1,1,City View,1333333.33,14.103193377915776
0,0,0,0,0,1,Myat Mingalr,2014.0,3,4,1.0,0.0,1.0,1,1,Shwe Dagon Pagoda View,133333.33,11.800615012394072
0,0,0,0,0,1,Myat Mingalr,2000.0,3,2,1.0,1.0,1.0,1,1,Shwe Dagon Pagoda View,133333.33,11.800615012394072
0,0,0,0,0,1,Myat Mingalr,2022.0,3,4,0.0,1.0,0.0,1,1,City View,400000.0,12.899222326086994
0,0,0,0,0,1,Myat Mingalr,2014.0,3,1,0.0,0.0,0.0,1,1,City View,400000.0,12.899222326086994
0,0,0,0,0,1,myay ni kone mini condo,1250.0,2,2,0.0,1.0,0.0,1,1,City View,333333.33,12.716901259291694
0,0,0,0,0,1,myay ni kone mini condo,1800.0,3,3,0.0,1.0,0.0,1,1,City View,1444444.44,14.183236027320124
0,0,0,0,0,1,Myay nu lan condo,1600.0,3,2,0.0,0.0,0.0,1,1,City View,5555.56,8.622734490731714
0,0,0,0,0,1,Myay nu lan condo,1550.0,3,2,0.0,1.0,0.0,1,1,City View,188888.89,12.14891953167618
0,0,0,0,0,1,Myay nu lan condo,1580.0,2,1,0.0,0.0,0.0,1,1,City View,177777.78,12.0882952473579
0,0,0,0,0,1,Myay Nu Lan Condo,980.0,2,7,1.0,1.0,0.0,1,1,Street View,13666.67,9.52278846895776
0,0,0,0,0,1,Myay Nu Lan Condo,1300.0,3,9,0.0,1.0,1.0,0,1,Lake View,21177.78,9.960755015985507
0,0,0,0,0,1,Myay Nu Lan Condo,1020.0,2,3,0.0,1.0,0.0,1,1,City View,11555.56,9.355008520086622
0,0,0,0,0,1,Myay Nu Lan Condo,1240.0,4,11,0.0,1.0,1.0,1,1,Garden View,19644.44,9.885600529298369
0,0,0,0,0,1,Nan_Htite_TawWin,1750.0,4,3,1.0,1.0,0.0,1,1,City View,6666.67,8.80502575254403
0,0,0,0,0,1,Nan_Htite_TawWin,1750.0,4,3,0.0,1.0,0.0,1,1,City View,217777.78,12.291235055900708
0,0,0,0,0,1,one bed condo,950.0,1,1,0.0,1.0,0.0,1,1,City View,177777.78,12.0882952473579
0,0,0,0,0,1,penthouse,2300.0,3,1,0.0,0.0,0.0,1,1,City View,41777.78,10.640143834109773
0,0,0,0,0,1,Pyay Garden,900.0,4,3,1.0,1.0,1.0,1,1,City View,1444444.44,14.183236027320124
0,0,0,0,0,1,Pyay Garden,900.0,1,1,1.0,1.0,1.0,1,0,City View,1688888.89,14.339582001243267
0,0,0,0,0,1,Pyay Garden,1200.0,3,1,1.0,0.0,1.0,1,1,City View,154444.44,11.947596173793045
0,0,0,0,0,1,red hill condo,1480.0,3,2,0.0,1.0,0.0,1,1,City View,4000.0,8.294299608857235
0,0,0,0,0,1,red hill condo,1520.0,3,3,0.0,1.0,0.0,1,1,City View,6666.67,8.80502575254403
0,0,0,0,0,1,red hill condo,1250.0,3,2,1.0,1.0,1.0,1,1,City View,66666.67,11.107475406748813
0,0,0,0,0,1,red hill condo,1711.0,2,1,0.0,0.0,0.0,1,1,City View,266666.67,12.493758480474876
0,0,0,0,0,1,red hill condo,2760.0,6,1,1.0,1.0,1.0,1,1,City View,6222.22,8.736042736668091
0,0,0,0,0,1,red hill condo,1711.0,6,1,1.0,1.0,1.0,1,1,City View,6666.67,8.80502575254403
0,0,0,0,0,1,red hill condo,1787.0,5,1,1.0,1.0,1.0,1,0,City View,222222.22,12.31143765117792
0,0,0,0,0,1,red hill condo,1504.0,5,1,1.0,1.0,1.0,1,1,City View,1888888.89,14.45149985468413
0,0,0,0,0,1,red hill condo,1304.0,2,1,1.0,1.0,1.0,1,1,City View,1000000.0,13.815511557963774
0,0,0,0,0,1,red hill condo,866.0,2,1,1.0,0.0,1.0,1,1,City View,40000.0,10.596659732783579
0,0,0,0,0,1,red hill condo,1007.0,1,1,0.0,1.0,1.0,1,1,City View,17111.11,9.747541678979074
0,0,0,0,0,1,red hill condo,1142.0,3,1,1.0,1.0,0.0,1,1,City View,171777.78,12.053962765187649
0,0,0,0,0,1,red hill condo,1321.0,4,2,1.0,1.0,1.0,1,1,Lake View,9111.11,9.117359577047129
0,0,0,0,0,1,red hill condo,1300.0,4,1,0.0,0.0,0.0,1,1,Street View,17333.33,9.760444207242394
0,0,0,0,0,1,red hill condo,1150.0,2,1,0.0,0.0,0.0,1,1,Street View,12000.0,9.392745258631441
0,0,0,0,0,1,red hill condo,1150.0,3,2,1.0,1.0,1.0,0,1,City View,128888.89,11.766713752957543
0,0,0,0,0,1,red hill condo,1200.0,3,2,1.0,1.0,1.0,1,1,City View,1333333.33,14.103193377915776
0,0,0,0,0,1,red hill condo,1280.0,3,2,1.0,1.0,1.0,1,1,Garden View,126666.67,11.74932216405572
0,0,0,0,0,1,red hill condo,1300.0,3,2,1.0,1.0,0.0,1,0,Pool View,131111.11,11.783808037720673
0,0,0,0,0,1,red hill condo,1350.0,3,2,1.0,1.0,1.0,1,1,Street View,135555.56,11.817144249181833
0,0,0,0,0,1,red hill condo,1400.0,3,2,1.0,1.0,1.0,1,1,City View,134444.44,11.808913745167965
0,0,0,0,0,1,red hill condo,1180.0,3,2,1.0,1.0,1.0,1,1,Garden View,132222.22,11.792246833941508
0,0,0,0,0,1,red hill condo,1255.0,3,2,1.0,1.0,1.0,1,1,City View,18888.89,9.846382137291728
0,0,0,0,0,1,red hill condo,1320.0,4,1,1.0,1.0,1.0,1,1,Pool View,136000.0,11.820417517632333
0,0,0,0,0,1,red hill condo,1450.0,4,1,1.0,1.0,1.0,1,1,shwe dagon pagoda view,14000.0,9.546884034617925
0,0,0,0,0,1,Royal Sinmin,1800.0,3,2,1.0,1.0,1.0,1,1,City View,58888.89,10.983424708047586
0,0,0,0,0,1,Sanchoung condo,1500.0,3,1,1.0,1.0,1.0,1,1,City View,333333.33,12.716901259291694
0,0,0,0,0,1,Sanchoung Condo,1120.0,2,2,0.0,0.0,0.0,1,1,City View,7333.33,8.900321343528448
0,0,0,0,0,1,Sanchoung Condo,1250.0,3,2,1.0,1.0,1.0,1,1,Lake View,17555.56,9.773182948226031
0,0,0,0,0,1,Sanchoung Condo,980.0,3,1,0.0,0.0,0.0,1,1,City View,10666.67,9.274972951190154
0,0,0,0,0,1,Sanchoung Condo,1180.0,3,2,0.0,1.0,0.0,1,1,City View,12444.44,9.429109569741183
0,0,0,0,0,1,Sanchoung Condo,1020.0,1,2,0.0,1.0,1.0,1,1,City View,8822.22,9.08514216174066
0,0,0,0,0,1,Sanchoung Condo,1340.0,4,2,0.0,1.0,0.0,1,1,City View,16444.44,9.70780351411807
0,0,0,0,0,1,Sanchoung Condo,900.0,2,1,0.0,0.0,0.0,1,1,City View,6888.89,8.837810398713351
0,0,0,0,0,1,Sanchoung Condo,1100.0,2,2,0.0,1.0,0.0,1,1,City View,10000.0,9.210440366976517
0,0,0,0,0,1,Sanchoung Condo,1200.0,3,2,0.0,0.0,1.0,1,1,City View,13333.33,9.498097191634322
0,0,0,0,0,1,Sanchoung Condo,950.0,2,2,0.0,0.0,0.0,1,1,City View,8000.0,8.987321812850125
0,0,0,0,0,1,Sanchoung Garden residence,1056.0,2,1,1.0,1.0,1.0,1,1,City View,124444.44,11.731622665903059
0,0,0,0,0,1,Sanchoung Garden residence,1500.0,3,1,1.0,1.0,0.0,1,1,City View,8222.22,9.014717138838959
0,0,0,0,0,1,Sanchoung Garden residence,9800.0,1,1,1.0,1.0,1.0,1,1,City View,17333.33,9.760444207242394
0,0,0,0,0,1,Sanchoung Garden residence,1500.0,2,2,0.0,1.0,1.0,1,0,City View,7111.11,8.869554243890779
0,0,0,0,0,1,Sanchoung Garden residence,980.0,3,2,1.0,1.0,0.0,1,1,City View,5555.56,8.622734490731714
0,0,0,0,0,1,Sanchoung Garden residence,1500.0,4,2,1.0,0.0,1.0,1,1,Shwe Dagon Pagoda View,66666.67,11.107475406748813
0,0,0,0,0,1,Sanchoung Garden residence,1056.0,2,2,1.0,1.0,1.0,0,1,City View,4666.67,8.448415296820098
0,0,0,0,0,1,Sanchoung Garden residence,1150.0,2,2,1.0,1.0,1.0,1,1,City View,11333.33,9.335591452240061
0,0,0,0,0,1,Sanchoung Garden residence,1056.0,3,3,1.0,1.0,1.0,1,1,City View,177777.78,12.0882952473579
0,0,0,0,0,1,Sanchoung Garden residence,1056.0,2,2,1.0,1.0,1.0,1,1,City View,5555.56,8.622734490731714
0,0,0,0,0,1,Sanchoung Garden residence,1050.0,2,2,1.0,1.0,1.0,1,1,City View,152222.22,11.933103275191131
0,0,0,0,0,1,Sanchoung Garden residence,1056.0,2,2,1.0,1.0,1.0,1,1,City View,10000.0,9.210440366976517
0,0,0,0,0,1,Sanchoung Garden residence,1056.0,3,2,1.0,1.0,1.0,1,1,Shwe Dagon Pagoda View,18444.44,9.82257246444943
0,0,0,0,0,1,Sanchoung Garden residence,2000.0,3,2,1.0,1.0,1.0,1,1,City View,33333.33,10.414343075855122
0,0,0,0,0,1,Sanchoung Garden residence,2500.0,3,1,1.0,1.0,1.0,1,1,City View,55555.56,10.925156879904668
0,0,0,0,0,1,Sanchoung Garden residence,1056.0,2,1,1.0,1.0,1.0,1,1,City View,10444.44,9.253920798522277
0,0,0,0,0,1,Sanchoung Garden residence,1056.0,2,1,1.0,0.0,1.0,1,1,windsor view,133333.33,11.800615012394072
0,0,0,0,0,1,Sanchoung Garden residence,1056.0,2,1,1.0,1.0,1.0,1,1,windsor view,12444.44,9.429109569741183
0,0,0,0,0,1,Sanchoung Garden residence,800.0,2,1,1.0,1.0,1.0,1,1,Shwe Dagon Pagoda View,111111.11,11.618294970587645
0,0,0,0,0,1,Sanchoung Garden residence,1250.0,3,2,1.0,1.0,1.0,1,1,City View,17555.56,9.773182948226031
0,0,0,0,0,1,Sanchoung Garden residence,1250.0,3,1,1.0,1.0,1.0,1,1,City View,17333.33,9.760444207242394
0,0,0,0,0,1,Sanchoung Garden residence,1250.0,4,1,1.0,1.0,1.0,1,1,City View,1044444.44,13.858996623095049
0,0,0,0,0,1,Sanchoung Garden residence,1250.0,3,2,1.0,1.0,1.0,1,1,windsor view,1222222.22,14.016182069789728
0,0,0,0,0,1,Sanchoung Garden residence,980.0,2,1,1.0,1.0,1.0,1,1,City View,155555.56,11.954764674371278
0,0,0,0,0,1,Sanchoung Garden residence,1056.0,2,1,1.0,1.0,1.0,1,1,City View,188888.89,12.14891953167618
0,0,0,0,0,1,Sanchoung Garden residence,1056.0,2,1,1.0,1.0,1.0,1,1,Shwe Dagon Pagoda View,644444.44,13.376145443006822
0,0,0,0,0,1,Sanchoung Garden residence,960.0,1,1,0.0,1.0,0.0,1,1,City View,1444444.44,14.183236027320124
0,0,0,0,0,1,Shwe pyi aye,1500.0,3,3,1.0,1.0,0.0,1,1,City View,755555.56,13.535209922220997
0,0,0,0,0,1,Shwe pyi aye,1200.0,2,1,0.0,1.0,0.0,1,0,City View,7555.56,8.9301713391626
0,0,0,0,0,1,Shwe pyi aye,1200.0,2,1,0.0,1.0,1.0,1,1,City View,155555.56,11.954764674371278
0,0,0,0,0,1,Shwe pyi aye,1500.0,3,1,0.0,0.0,1.0,1,1,City View,266666.67,12.493758480474876
0,0,0,0,0,1,timecity condo,1250.0,2,1,1.0,1.0,1.0,1,0,City View,111111.11,11.618294970587645
0,0,0,0,0,1,Twin Centro,1600.0,2,1,1.0,1.0,0.0,1,1,City View,222222.22,12.31143765117792
0,0,0,0,0,1,Twin Centro,1600.0,3,1,0.0,0.0,1.0,1,1,City View,333333.33,12.716901259291694
0,0,0,0,0,1,Twin Centro,1759.0,5,1,1.0,1.0,1.0,1,1,City View,32222.22,10.380442589664257
0,0,0,0,0,1,Twin Centro,2430.0,4,3,1.0,1.0,1.0,1,1,City View,3333.33,8.112027038616482
0,0,0,0,0,1,Twin Centro,2430.0,3,4,0.0,0.0,0.0,1,1,City View,34444.44,10.447131901933226
0,0,0,0,0,1,Twin Centro,1784.0,2,1,0.0,0.0,0.0,1,1,river_view,2444.44,7.801980344818481
0,0,0,0,0,1,Twin Centro,1600.0,2,1,1.0,1.0,1.0,1,1,City View,7111.11,8.869554243890779
0,0,0,0,0,1,Twin Centro,2430.0,3,2,0.0,0.0,0.0,1,1,City View,333333.33,12.716901259291694
0,0,0,0,0,1,two bed condo,1500.0,2,1,0.0,1.0,0.0,0,1,City View,34444.44,10.447131901933226
0,0,0,0,0,1,Win Sar Residence,2400.0,4,4,0.0,1.0,1.0,1,1,City View,8222.22,9.014717138838959
0,0,0,0,0,1,Windsor,1500.0,3,2,1.0,0.0,0.0,1,1,City View,12666.67,9.446808357429742
0,0,0,0,0,1,Windsor,900.0,1,1,0.0,0.0,1.0,1,1,City View,111111.11,11.618294970587645
0,0,0,0,0,1,Windsor,2294.0,2,1,0.0,0.0,0.0,1,1,City View,17333.33,9.760444207242394
0,0,0,0,0,1,zabu rit,1800.0,4,1,0.0,0.0,0.0,1,1,City View,19777.78,9.892364924811414
0,0,0,0,0,1,zabu rit,1800.0,4,2,0.0,0.0,0.0,0,0,City View,20000.0,9.90353755128617
0,0,0,0,0,1,Zaburit,1140.0,4,1,0.0,0.0,0.0,1,1,City View,17333.33,9.760444207242394
0,0,0,0,0,1,Zaburit,1117.0,3,2,1.0,0.0,1.0,1,1,Garden View,20000.0,9.90353755128617
0,0,0,0,0,1,Zaburit,1226.0,2,1,0.0,0.0,0.0,1,1,City View,18888.89,9.846382137291728
0,0,0,0,0,1,Zaburit,1340.0,4,2,0.0,0.0,1.0,1,1,Garden View,21111.11,9.957602088476522
0,0,0,1,0,0,Zay Tan Condo,2254.0,3,3,0.0,1.0,0.0,1,0,City View,1300000.0,14.077875591662238
0,0,0,1,0,0,Eain Yar Won Condo,1500.0,3,2,0.0,1.0,0.0,1,1,City View,888888.89,13.697728648557256
0,0,0,1,0,0,InNo City,962.0,4,2,0.0,0.0,0.0,0,0,City View,1333333.33,14.103193377915776
0,0,0,1,0,0,InNo City,961.0,3,1,0.0,0.0,0.0,0,0,City View,1777777.78,14.390875266617677
0,0,0,1,0,0,Mini Condo,725.0,1,1,0.0,0.0,0.0,1,1,City View,588888.89,13.285994501184685
0,0,0,1,0,0,Cherry Condo,1300.0,3,2,1.0,1.0,1.0,1,1,City View,933333.33,13.746518754333895
0,0,0,1,0,0,Mini Condo,972.0,2,2,0.0,0.0,0.0,0,0,City View,711111.11,13.474585375680194
0,0,0,1,0,0,Cherry Condo,1350.0,3,2,1.0,0.0,1.0,0,1,City View,944444.44,13.758353198241418
0,0,0,1,0,0,Mini Condo,918.0,2,1,0.0,0.0,0.0,0,0,City View,706666.67,13.468315777790398
0,0,0,1,0,0,Serene Condo,1250.0,2,2,1.0,1.0,1.0,1,1,City View,1800000.0,14.403297778421795
0,0,0,1,0,0,InNo City,1200.0,3,2,1.0,0.0,1.0,1,1,City View,1844444.44,14.427689215749442
0,0,0,1,0,0,Cherry Garden Condo,1350.0,3,2,0.0,1.0,0.0,1,1,City View,944444.44,13.758353198241418
0,0,0,1,0,0,Sar Ga Residence Condo,2254.0,3,2,0.0,1.0,0.0,1,1,City View,1300000.0,14.077875591662238
0,0,0,1,0,0,InNo City,925.0,3,1,1.0,1.0,1.0,1,1,City View,1666666.67,14.326336783730083
0,0,0,1,0,0,Mini Condo,972.0,2,2,0.0,1.0,0.0,1,0,City View,744444.44,13.520394844337513
0,0,0,1,0,0,Mini Condo,1026.0,2,2,0.0,1.0,0.0,1,0,City View,855555.56,13.659507483512979
0,0,0,1,0,0,Mini Condo,1242.0,2,1,0.0,0.0,0.0,0,0,City View,1444444.44,14.183236027320124
0,0,0,1,0,0,Mini Condo,1026.0,2,2,0.0,0.0,0.0,0,0,City View,722222.22,13.490089539067153
0,0,0,1,0,0,Mini Condo,918.0,1,2,0.0,0.0,0.0,1,0,City View,555555.56,13.227725701060521
0,0,0,1,0,0,Mini Condo,972.0,2,2,0.0,0.0,0.0,1,0,City View,877777.78,13.685149881872531
0,0,0,1,0,0,Mini Condo,2303.0,3,3,0.0,1.0,0.0,1,1,City View,1300000.0,14.077875591662238
0,0,0,1,0,0,Mini Condo,972.0,2,2,0.0,1.0,0.0,1,1,City View,877777.78,13.685149881872531
0,0,0,1,0,0,Eain Yar Won Condo,1350.0,3,2,0.0,1.0,0.0,1,1,City View,944444.44,13.758353198241418
0,0,0,1,0,0,InNo City,961.0,3,2,1.0,0.0,1.0,1,1,City View,1777777.78,14.390875266617677
0,0,0,1,0,0,InNo City,925.0,3,2,1.0,0.0,1.0,1,1,City View,1444444.44,14.183236027320124
0,0,0,1,0,0,Eain Yar Won Condo,1200.0,3,3,0.0,0.0,0.0,0,0,City View,1600000.0,14.285514812209815
0,0,0,1,0,0,Mini Condo,1458.0,2,3,0.0,0.0,0.0,0,0,City View,933333.33,13.746518754333895
0,0,0,1,0,0,Cherry Garden Condo,1250.0,3,2,0.0,1.0,0.0,0,1,City View,933333.33,13.746518754333895
0,0,0,1,0,0,Yadanar Housing Condo,12500.0,3,2,0.0,1.0,0.0,0,1,City View,1044444.44,13.858996623095049
0,0,0,1,0,0,InNo City,1400.0,3,2,1.0,1.0,1.0,1,1,City View,1555555.56,14.25734395595739
0,0,0,1,0,0,InNo City,1800.0,2,2,0.0,0.0,0.0,1,1,City View,1577777.78,14.271528580446336
0,0,0,1,0,0,Mini Condo,918.0,1,1,0.0,0.0,0.0,1,1,City View,755555.56,13.535209922220997
0,0,0,1,0,0,Mini Condo,1026.0,2,1,0.0,0.0,0.0,1,1,City View,1066666.67,13.880050019726403
0,0,0,1,0,0,Thit Sar Mini Condo,1752.0,4,3,0.0,0.0,0.0,1,0,City View,1444444.44,14.183236027320124
0,0,0,1,0,0,InNo City,925.0,3,2,1.0,1.0,0.0,0,1,City View,1555555.56,14.25734395595739
0,0,0,1,0,0,Thit Sar Garden Condo,2000.0,2,2,0.0,1.0,0.0,1,1,City View,1088888.89,13.900669285691913
0,0,0,1,0,0,IB Condo,1650.0,3,2,0.0,1.0,0.0,1,1,City View,1711111.11,14.352654073813701
0,0,0,1,0,0,IB Condo,1800.0,2,3,0.0,1.0,0.0,0,1,City View,1222222.22,14.016182069789728
0,0,0,1,0,0,IB Condo,1653.0,3,2,0.0,1.0,0.0,1,1,City View,1222222.22,14.016182069789728
0,0,0,1,0,0,Mini Condo,1500.0,3,2,0.0,1.0,0.0,1,1,City View,1222222.22,14.016182069789728
0,0,0,1,0,0,Mini Condo,1500.0,3,2,0.0,1.0,0.0,1,1,City View,1244444.44,14.034200558928784
0,0,0,1,0,0,Mini Condo,972.0,2,2,0.0,1.0,0.0,1,0,City View,711111.11,13.474585375680194
0,0,0,1,0,0,Mini Condo,1045.0,2,1,0.0,0.0,0.0,0,1,City View,555555.56,13.227725701060521
0,0,0,1,0,0,Semi Condo,1120.0,2,2,0.0,1.0,0.0,1,1,City View,1022222.22,13.83749044076953
0,0,0,1,0,0,Luxury Condo,1026.0,2,2,0.0,0.0,0.0,0,0,City View,655555.56,13.393239863741945
0,0,0,1,0,0,Mini Condo,972.0,2,2,0.0,1.0,0.0,0,0,City View,744444.44,13.520394844337513
0,0,0,1,0,0,Mini Condo,918.0,2,1,0.0,1.0,0.0,1,0,City View,688888.89,13.44283672590385
0,0,0,1,0,0,Mini Condo,972.0,2,2,0.0,0.0,0.0,0,0,City View,877777.78,13.685149881872531
0,0,0,1,0,0,Cherry Garden Condo,1300.0,3,2,1.0,1.0,0.0,1,1,City View,933333.33,13.746518754333895
0,0,0,1,0,0,Mini Condo,972.0,2,1,0.0,0.0,0.0,0,0,City View,877777.78,13.685149881872531
0,0,1,0,0,0,Kanbae Tower,800.0,2,1,1.0,1.0,0.0,0,1,Pool View,1377777.78,14.135983180658137
0,0,1,0,0,0,Shwe Moe Kaung,1690.0,4,3,1.0,1.0,1.0,1,1,No View,1700000.0,14.346139397261565
0,0,1,0,0,0,Aung Chan Thar,1250.0,2,2,0.0,1.0,0.0,1,1,No View,1333333.33,14.103193377915776
0,0,1,0,0,0,Kanbae Tower Luaxury,1035.0,3,2,1.0,1.0,1.0,1,1,City View,1666666.67,14.326336783730083
0,0,1,0,0,0,Kanbae Tower,1120.0,2,1,1.0,1.0,1.0,1,1,City View,1666666.67,14.326336783730083
0,0,1,0,0,0,Golden City,950.0,2,2,1.0,1.0,1.0,1,1,No View,1666666.67,14.326336783730083
0,0,1,0,0,0,Golden City,986.0,2,2,0.0,0.0,0.0,0,1,City View,1777777.78,14.390875266617677
0,0,1,0,0,0,Kanbae Tower,800.0,2,2,1.0,1.0,1.0,1,1,City View,1444444.44,14.183236027320124
0,0,1,0,0,0,Kanbae Tower,1100.0,3,2,1.0,1.0,1.0,1,1,City View,1933333.33,14.474756702365646
0,0,1,0,0,0,Shwe Yinn Mar,1260.0,2,2,0.0,1.0,0.0,1,1,No View,1033333.33,13.848301345302929
0,0,1,0,0,0,Boe YarZar,1798.0,4,2,0.0,0.0,0.0,0,1,No View,1777777.78,14.390875266617677
0,0,1,0,0,0,Shwe Moe Kaung,1790.0,4,2,0.0,0.0,0.0,0,0,City View,222222.22,12.31143765117792
0,0,1,0,0,0,Avenue 18,1189.0,2,2,0.0,0.0,0.0,0,0,City View,1844444.44,14.427689215749442
0,0,1,0,0,0,Shwe Moe Kaung,2100.0,3,3,1.0,1.0,1.0,1,1,City View,1611111.11,14.29243525005439
0,0,1,0,0,0,Avenue 18,1306.0,3,3,0.0,0.0,0.0,0,1,City View,1733333.33,14.365557469883381
0,0,1,0,0,0,Green Inya,1950.0,3,1,0.0,0.0,0.0,0,0,City View,244444.44,12.406747413711305
0,0,1,0,0,0,Kanbae Tower,780.0,2,1,0.0,0.0,0.0,0,0,City View,1377777.78,14.135983180658137
0,0,1,0,0,0,Star Villa,1350.0,3,2,0.0,0.0,0.0,0,0,City View,2000000.0,14.508658238524095
0,0,1,0,0,0,Shwe Moe Kaung,2000.0,3,2,0.0,0.0,0.0,0,0,City View,1733333.33,14.365557469883381
0,0,1,0,0,0,Royal Thitsar Condo,942.0,2,1,0.0,0.0,0.0,0,0,City View,1400000.0,14.151983508870947
0,0,1,0,0,0,Avenue 18,1298.0,3,3,1.0,1.0,1.0,1,1,City View,1533333.33,14.242955222791002
0,0,1,0,0,0,Kyouk Kone,1600.0,3,3,0.0,0.0,0.0,0,1,City View,1333333.33,14.103193377915776
0,0,1,0,0,0,Yankin Center,1700.0,3,3,0.0,0.0,0.0,0,0,City View,1777777.78,14.390875266617677
0,0,1,0,0,0,Golden City,1243.5,2,2,0.0,0.0,0.0,0,0,City View,213333.33,12.270615838531832
0,0,1,0,0,0,Jewel Residence,1350.0,3,2,0.0,1.0,0.0,1,1,City View,1666666.67,14.326336783730083
0,0,1,0,0,0,Golden City,1738.0,3,2,1.0,1.0,1.0,1,1,City View,1177777.78,13.97914083268911
0,0,1,0,0,0,Space Condo,1248.0,1,2,1.0,1.0,1.0,1,1,Pool View,733333.33,13.50535698875042
0,0,1,0,0,0,Space Condo,1168.0,1,2,1.0,1.0,1.0,1,1,Pool View,666666.67,13.410046954854977
0,0,1,0,0,0,Hnin Kyar Phyu Condo,2500.0,2,1,0.0,0.0,0.0,1,0,City View,800000.0,13.592368256649284
0,0,1,0,0,0,The Central Condo,1304.0,3,1,1.0,1.0,1.0,1,1,City View,300000.0,12.611541086966115
0,0,1,0,0,0,Golden City,769.0,2,2,0.0,0.0,0.0,1,1,City View,733333.33,13.50535698875042
0,0,1,0,0,0,Golden City,1238.0,2,1,0.0,0.0,0.0,0,0,City View,2000000.0,14.508658238524095
0,0,1,0,0,0,Shwe Thitsar Condo,1600.0,3,3,0.0,1.0,0.0,1,1,City View,1177777.78,13.97914083268911
0,0,1,0,0,0,Golden City,983.36,2,2,1.0,0.0,1.0,1,1,City View,1777777.78,14.390875266617677
0,0,1,0,0,0,Avenue 18,1189.0,2,1,1.0,1.0,1.0,1,1,City View,1844444.44,14.427689215749442
0,0,1,0,0,0,Aung Chan Thar Condo,1302.0,2,2,1.0,1.0,1.0,1,1,City View,1444444.44,14.183236027320124
0,0,1,0,0,0,Aung Chan Thar Condo,1302.0,2,2,1.0,1.0,1.0,1,1,City View,1177777.78,13.97914083268911
0,0,1,0,0,0,Kanbae Tower Condo,450.0,1,1,1.0,1.0,1.0,1,1,City View,1044444.44,13.858996623095049
0,0,1,0,0,0,The Lake Suite Condo,983.0,2,1,1.0,0.0,1.0,1,1,City View,1777777.78,14.390875266617677
0,0,1,0,0,0,Mini Condo,2125.0,2,1,0.0,0.0,0.0,1,0,City View,1333333.33,14.103193377915776
0,0,1,0,0,0,Golden City,760.0,2,2,1.0,1.0,1.0,1,1,City View,1266666.67,14.051900128133454
0,0,1,0,0,0,Golden City,1291.0,3,2,1.0,1.0,1.0,1,1,City View,1600000.0,14.285514812209815
0,0,1,0,0,0,Kanbae Tower Condo,857.0,2,2,1.0,1.0,1.0,1,1,City View,1042222.22,13.856866701001806
0,0,1,0,0,0,Avenue 18,1189.0,3,2,1.0,0.0,1.0,1,1,City View,1555555.56,14.25734395595739
0,0,1,0,0,0,Kanbae Tower Condo,780.0,2,2,1.0,1.0,1.0,1,0,City View,1111111.11,13.920871972621697
0,0,1,0,0,0,The Central Condo,1175.0,2,2,1.0,1.0,1.0,1,1,City View,1800000.0,14.403297778421795
0,0,1,0,0,0,Kanbae Tower Condo,908.0,2,2,1.0,1.0,1.0,1,1,City View,1000000.0,13.815511557963774
0,0,1,0,0,0,The Central Condo,869.0,1,1,1.0,1.0,1.0,1,1,City View,1066666.67,13.880050019726403
0,0,1,0,0,0,Kanbae Tower Condo,908.0,2,2,1.0,1.0,1.0,1,1,City View,888888.89,13.697728648557256
0,0,1,0,0,0,Kanbae Tower Condo,800.0,2,1,1.0,1.0,1.0,0,1,City View,888888.89,13.697728648557256
0,0,1,0,0,0,Kanbae Tower Condo,470.0,1,1,1.0,1.0,1.0,0,0,City View,655555.56,13.393239863741945
0,0,1,0,0,0,Bauk Htaw,1755.0,3,3,0.0,0.0,0.0,0,0,City View,1000000.0,13.815511557963774
0,0,1,0,0,0,Yankin(ILBC),1550.0,3,2,0.0,1.0,0.0,1,1,City View,1511111.11,14.228356434399254
0,0,1,0,0,0,Yankin(Moe Kaung),1350.0,3,3,0.0,0.0,0.0,1,1,City View,1666666.67,14.326336783730083
0,0,1,0,0,0,Aung Zay Ya Condo,1872.0,2,3,0.0,1.0,0.0,0,0,City View,1555555.56,14.25734395595739
0,0,1,0,0,0,Royal Thitsar Condo,743.0,2,1,1.0,0.0,1.0,1,0,City View,1277777.78,14.060633800344778
0,0,1,0,0,0,Wati Oo Condo,1850.0,1,1,0.0,0.0,0.0,1,0,City View,1266666.67,14.051900128133454
0,0,1,0,0,0,Golden City,789.0,2,1,0.0,0.0,0.0,0,0,City View,1444444.44,14.183236027320124
0,0,1,0,0,0,Bauk Htaw,1650.0,3,2,0.0,1.0,0.0,1,1,City View,1066666.67,13.880050019726403
0,0,1,0,0,0,Golden City,760.0,2,1,1.0,1.0,0.0,1,1,City View,1511111.11,14.228356434399254
0,0,1,0,0,0,Aung Zay Ya Condo,1200.0,3,2,0.0,1.0,0.0,1,1,City View,1333333.33,14.103193377915776
0,0,1,0,0,0,Golden City,983.0,2,2,1.0,1.0,1.0,1,0,City View,1777777.78,14.390875266617677
0,0,1,0,0,0,Shwe Moe Kaung,2100.0,4,3,0.0,0.0,0.0,0,0,City View,1566666.67,14.264461418437504
0,0,1,0,0,0,Aung Chan Thar Condo,1150.0,2,2,0.0,1.0,0.0,1,1,City View,1288888.89,14.06929185546421
0,0,1,0,0,0,Golden City,950.0,2,2,1.0,1.0,1.0,1,1,City View,1666666.67,14.326336783730083
0,0,1,0,0,0,Golden City,896.0,2,2,1.0,1.0,1.0,1,1,City View,1822222.22,14.415567863019033
0,0,1,0,0,0,Shwe Moe Kaung,1700.0,4,3,1.0,0.0,1.0,1,1,City View,1888888.89,14.45149985468413
0,0,1,0,0,0,GRC Condo,1100.0,2,2,0.0,0.0,0.0,1,1,City View,1022222.22,13.83749044076953
0,0,1,0,0,0,GRC Condo,1000.0,2,2,0.0,1.0,0.0,1,1,Shwedagon Pagoda View,95555.56,11.467473602466132
0,0,1,0,0,0,Kanbae Tower Condo,1121.0,3,2,1.0,0.0,1.0,1,1,City View,1888888.89,14.45149985468413
0,0,1,0,0,0,Aung Chan Thar Condo,1200.0,3,2,0.0,0.0,0.0,1,1,City View,1333333.33,14.103193377915776
0,0,1,0,0,0,Aung Chan Thar Condo,1150.0,3,2,0.0,1.0,0.0,1,1,City View,1333333.33,14.103193377915776
0,0,1,0,0,0,Yankin Condo,2200.0,4,3,0.0,1.0,0.0,1,1,City View,1711111.11,14.352654073813701
0,0,1,0,0,0,Golden City,1500.0,3,2,1.0,1.0,1.0,1,1,City View,1888888.89,14.45149985468413
0,0,1,0,0,0,Shwe Moe Kaung,2070.0,4,3,1.0,1.0,1.0,1,1,City View,1555555.56,14.25734395595739
0,0,1,0,0,0,The Central Condo,848.0,1,1,1.0,1.0,1.0,1,1,City View,1511111.11,14.228356434399254
0,0,1,0,0,0,Golden City,520.0,1,1,1.0,1.0,1.0,1,1,City View,1222222.22,14.016182069789728
0,0,1,0,0,0,Aung Chan Thar Condo,1100.0,2,2,0.0,0.0,0.0,1,1,City View,400000.0,12.899222326086994
0,0,1,0,0,0,Sein Lae May Yeik Thar,2099.0,3,4,0.0,0.0,0.0,1,1,City View,933333.33,13.746518754333895
0,0,1,0,0,0,The Central Condo,1286.0,2,2,0.0,0.0,0.0,1,1,City View,888888.89,13.697728648557256
0,0,1,0,0,0,Shwe Moe Kaung,2672.0,3,3,0.0,0.0,0.0,1,1,City View,1187555.56,13.98740844323037
0,0,1,0,0,0,Shwe Moe Kaung,2490.0,3,3,0.0,0.0,0.0,1,1,City View,1106666.67,13.916863958850657
0,0,1,0,0,0,Kanbae Tower Condo,796.0,2,1,1.0,1.0,1.0,1,1,City View,1400000.0,14.151983508870947
0,0,1,0,0,0,Royal Thitsar Condo,743.0,2,1,1.0,0.0,1.0,1,1,City View,1277777.78,14.060633800344778
0,0,1,0,0,0,Hnin Kyar Phyu Condo,2800.0,5,4,0.0,1.0,0.0,1,1,City View,1777777.78,14.390875266617677
0,0,1,0,0,0,Royal Thitsar Condo,942.0,2,2,1.0,1.0,1.0,1,1,City View,1466666.67,14.198503494311055
0,0,1,0,0,0,Kanbae Tower Condo,1100.0,3,2,1.0,1.0,1.0,1,1,City View,1933333.33,14.474756702365646
0,0,1,0,0,0,The Central Condo,1171.0,2,1,1.0,1.0,1.0,1,1,Garden View,1755333.33,14.378169898163513
0,0,1,0,0,0,Golden City,1684.0,2,2,1.0,1.0,1.0,1,1,City View,1986666.67,14.501969255406852
0,0,1,0,0,0,Yankin Center,1600.0,3,3,0.0,0.0,0.0,1,1,City View,1555555.56,14.25734395595739
0,0,1,0,0,0,Golden City,1238.0,2,2,1.0,1.0,1.0,1,1,City View,1511111.11,14.228356434399254
0,0,1,0,0,0,Royal Thitsar Condo,1024.0,3,1,1.0,1.0,1.0,1,1,City View,1733333.33,14.365557469883381
0,0,1,0,0,0,Kanbae Tower Condo,470.0,1,1,0.0,0.0,0.0,0,0,City View,888888.89,13.697728648557256
0,0,1,0,0,0,Thit Sar Yeik Thar Condo,1340.0,3,3,0.0,1.0,0.0,1,1,City View,955555.56,13.770049235049756
0,0,1,0,0,0,Kanbae Tower Conde,624.0,2,1,1.0,1.0,1.0,1,1,City View,800000.0,13.592368256649284
0,0,1,0,0,0,Shwe Moe Kaung,900.0,2,2,1.0,1.0,1.0,1,1,City View,1544444.44,14.250175465368809
0,0,1,0,0,0,The Central Condo,700.0,1,2,1.0,1.0,1.0,1,1,City View,1888888.89,14.45149985468413
0,0,1,0,0,0,Kanbae Tower Condo,470.0,1,1,1.0,1.0,1.0,1,1,City View,1044444.44,13.858996623095049
0,0,1,0,0,0,Bauk Htaw,1767.0,4,2,0.0,1.0,0.0,1,1,City View,1666666.67,14.326336783730083
0,0,1,0,0,0,Kanbae Tower Condo,890.0,2,1,1.0,1.0,1.0,1,1,Inya View,733333.33,13.50535698875042
0,0,1,0,0,0,Kanbae Tower Condo,860.0,2,2,1.0,1.0,1.0,1,1,City View,722222.22,13.490089539067153
0,0,1,0,0,0,The Central Condo,1171.0,2,1,1.0,1.0,1.0,1,1,City View,1244444.44,14.034200558928784
0,0,1,0,0,0,The Central Condo,1126.0,2,2,1.0,1.0,1.0,1,1,City View,450000.0,13.017005083966255
0,0,1,0,0,0,The Central Condo,1286.0,2,2,1.0,1.0,1.0,1,1,City View,584000.0,13.277657974137664
0,0,1,0,0,0,The Central Condo,1887.0,3,1,1.0,1.0,1.0,1,1,Lake View,681333.33,13.431808404454557
0,0,1,0,0,0,Golden City,1291.0,2,2,1.0,1.0,1.0,1,1,City View,1888888.89,14.45149985468413
0,0,1,0,0,0,Mini Condo,1474.0,2,1,0.0,0.0,0.0,1,1,City View,1111111.11,13.920871972621697
0,0,1,0,0,0,Kanbae Tower Condo,850.0,2,2,0.0,1.0,0.0,1,1,City View,793333.33,13.58400001328128
